order_id,customer_id,amount,order_date
1,1,373.36,2026-01-01
2,8,119.37,2026-01-01
3,4,341.58,2026-01-01
4,18,52.6,2026-01-01
5,14,25.57,2026-01-01
6,3,117.13,2026-01-01
7,17,304.99,2026-01-01
8,18,107.43,2026-01-01
9,18,215.56,2026-01-01
10,15,298.74,2026-01-01
11,1,381.82,2026-01-01
12,6,352.09,2026-01-01
13,11,146.16,2026-01-01
14,7,479.03,2026-01-01
15,11,60.08,2026-01-01
16,13,57.39,2026-01-01
17,12,305.83,2026-01-01
18,2,367.57,2026-01-01
19,18,71.16,2026-01-01
20,13,48.61,2026-01-01
21,10,416.41,2026-01-01
22,20,443.87,2026-01-01
23,12,292.9,2026-01-01
24,3,32.45,2026-01-01
25,8,388.8,2026-01-01
26,3,429.11,2026-01-01
27,4,196.26,2026-01-01
28,15,321.49,2026-01-01
29,12,89.7,2026-01-01
30,12,112.66,2026-01-01
31,9,353.89,2026-01-01
32,3,308.47,2026-01-01
33,6,271.73,2026-01-01
34,8,90.07,2026-01-01
35,13,142.27,2026-01-01
36,18,117.61,2026-01-01
37,11,423.0,2026-01-01
38,2,122.23,2026-01-01
39,2,404.47,2026-01-01
40,13,141.19,2026-01-01
41,7,457.44,2026-01-01
42,19,439.42,2026-01-01
43,11,114.19,2026-01-01
44,16,203.86,2026-01-01
45,15,80.01,2026-01-01
46,5,130.85,2026-01-01
47,18,274.1,2026-01-01
48,19,219.93,2026-01-01
49,19,205.71,2026-01-01
50,8,498.69,2026-01-01
51,5,259.67,2026-01-01
52,3,380.33,2026-01-01
53,4,84.89,2026-01-01
54,6,398.12,2026-01-01
55,14,302.24,2026-01-01
56,13,196.99,2026-01-01
57,15,269.27,2026-01-01
58,18,431.78,2026-01-01
59,1,343.34,2026-01-01
60,4,344.04,2026-01-01
61,18,377.93,2026-01-01
62,11,64.66,2026-01-01
63,14,87.5,2026-01-01
64,1,477.37,2026-01-01
65,9,486.23,2026-01-01
66,6,258.76,2026-01-01
67,4,436.55,2026-01-01
68,10,422.42,2026-01-01
69,17,308.4,2026-01-01
70,5,193.22,2026-01-01
71,6,274.3,2026-01-01
72,17,460.06,2026-01-01
73,20,168.84,2026-01-01
74,1,64.82,2026-01-01
75,12,440.57,2026-01-01
76,10,127.33,2026-01-01
77,8,440.22,2026-01-01
78,3,51.97,2026-01-01
79,16,409.85,2026-01-01
80,18,385.26,2026-01-01
81,5,333.28,2026-01-01
82,18,90.91,2026-01-01
83,17,437.49,2026-01-01
84,14,482.54,2026-01-01
85,18,380.08,2026-01-01
86,7,359.34,2026-01-01
87,13,497.62,2026-01-01
88,12,224.67,2026-01-01
89,17,231.23,2026-01-01
90,8,120.1,2026-01-01
91,11,20.31,2026-01-01
92,18,122.76,2026-01-01
93,8,13.52,2026-01-01
94,2,122.18,2026-01-01
95,11,44.72,2026-01-02
96,8,146.45,2026-01-02
97,16,114.98,2026-01-02
98,5,364.44,2026-01-02
99,19,292.34,2026-01-02
100,8,394.46,2026-01-02
101,14,103.3,2026-01-02
102,4,332.9,2026-01-02
103,12,217.55,2026-01-02
104,15,433.28,2026-01-02
105,2,339.95,2026-01-02
106,4,39.7,2026-01-02
107,11,402.29,2026-01-02
108,4,131.84,2026-01-02
109,7,272.78,2026-01-02
110,5,216.72,2026-01-02
111,9,236.69,2026-01-02
112,3,227.13,2026-01-02
113,18,57.98,2026-01-02
114,18,419.65,2026-01-02
115,3,463.92,2026-01-02
116,8,91.49,2026-01-02
117,16,245.87,2026-01-02
118,13,452.2,2026-01-02
119,6,195.7,2026-01-02
120,13,139.95,2026-01-02
121,15,149.77,2026-01-02
122,18,334.32,2026-01-02
123,16,85.85,2026-01-02
124,10,116.67,2026-01-02
125,2,293.8,2026-01-02
126,18,39.87,2026-01-02
127,11,38.01,2026-01-02
128,19,243.63,2026-01-02
129,17,87.14,2026-01-02
130,17,49.25,2026-01-02
131,6,43.58,2026-01-02
132,3,340.85,2026-01-02
133,8,207.85,2026-01-02
134,19,130.65,2026-01-02
135,20,29.47,2026-01-02
136,3,215.42,2026-01-02
137,19,286.96,2026-01-02
138,11,468.01,2026-01-02
139,7,338.17,2026-01-02
140,11,126.96,2026-01-02
141,13,74.13,2026-01-02
142,10,234.04,2026-01-02
143,3,14.56,2026-01-02
144,20,499.24,2026-01-02
145,4,45.9,2026-01-02
146,7,257.88,2026-01-02
147,5,467.3,2026-01-02
148,3,440.84,2026-01-02
149,12,149.64,2026-01-02
150,15,418.54,2026-01-02
151,10,309.72,2026-01-02
152,17,13.83,2026-01-02
153,18,156.7,2026-01-02
154,4,470.08,2026-01-02
155,5,139.59,2026-01-02
156,4,373.78,2026-01-02
157,5,143.45,2026-01-02
158,20,113.21,2026-01-02
159,11,109.76,2026-01-02
160,9,257.65,2026-01-02
161,9,453.61,2026-01-02
162,2,55.23,2026-01-02
163,14,416.38,2026-01-02
164,2,11.74,2026-01-02
165,5,322.19,2026-01-02
166,9,89.18,2026-01-02
167,15,280.32,2026-01-02
168,14,284.84,2026-01-02
169,4,46.87,2026-01-02
170,5,277.34,2026-01-02
171,12,295.43,2026-01-02
172,5,220.6,2026-01-02
173,2,161.05,2026-01-02
174,2,450.47,2026-01-02
175,7,344.21,2026-01-02
176,4,183.3,2026-01-02
177,18,443.23,2026-01-02
178,14,487.18,2026-01-02
179,8,433.66,2026-01-03
180,6,441.89,2026-01-03
181,1,97.89,2026-01-03
182,11,393.37,2026-01-03
183,14,403.1,2026-01-03
184,8,140.73,2026-01-03
185,4,197.45,2026-01-03
186,2,430.71,2026-01-03
187,8,107.79,2026-01-03
188,15,181.33,2026-01-03
189,8,119.23,2026-01-03
190,7,205.25,2026-01-03
191,9,433.53,2026-01-03
192,9,182.06,2026-01-03
193,17,205.84,2026-01-03
194,18,172.26,2026-01-03
195,1,66.52,2026-01-03
196,9,97.5,2026-01-03
197,9,28.75,2026-01-03
198,20,222.94,2026-01-03
199,11,223.83,2026-01-03
200,17,66.67,2026-01-03
201,19,103.14,2026-01-03
202,2,357.3,2026-01-03
203,1,264.76,2026-01-03
204,18,346.56,2026-01-03
205,7,188.47,2026-01-03
206,3,474.95,2026-01-03
207,11,315.35,2026-01-03
208,4,362.68,2026-01-03
209,10,258.49,2026-01-03
210,14,169.83,2026-01-03
211,10,281.66,2026-01-03
212,7,216.02,2026-01-03
213,13,341.89,2026-01-03
214,6,311.6,2026-01-03
215,10,208.98,2026-01-03
216,1,158.9,2026-01-03
217,7,220.65,2026-01-03
218,19,307.26,2026-01-03
219,11,237.84,2026-01-03
220,15,341.06,2026-01-03
221,17,241.86,2026-01-03
222,6,332.84,2026-01-03
223,10,262.57,2026-01-03
224,20,174.24,2026-01-03
225,8,339.67,2026-01-03
226,8,405.22,2026-01-03
227,5,21.97,2026-01-03
228,8,492.13,2026-01-03
229,20,426.37,2026-01-03
230,3,233.15,2026-01-03
231,19,105.27,2026-01-03
232,13,252.24,2026-01-03
233,8,82.31,2026-01-03
234,1,447.4,2026-01-03
235,4,391.43,2026-01-03
236,8,96.18,2026-01-03
237,17,237.63,2026-01-03
238,18,132.11,2026-01-03
239,4,233.67,2026-01-03
240,15,337.11,2026-01-03
241,18,301.77,2026-01-03
242,15,310.2,2026-01-03
243,17,219.1,2026-01-03
244,18,228.5,2026-01-03
245,6,374.39,2026-01-03
246,16,230.53,2026-01-03
247,8,421.53,2026-01-03
248,9,385.25,2026-01-03
249,17,247.45,2026-01-03
250,8,144.55,2026-01-03
251,3,359.64,2026-01-03
252,8,143.14,2026-01-03
253,11,447.58,2026-01-03
254,3,77.8,2026-01-03
255,8,197.69,2026-01-03
256,5,356.15,2026-01-03
257,3,213.29,2026-01-03
258,11,275.88,2026-01-03
259,14,40.51,2026-01-03
260,14,200.84,2026-01-03
261,19,473.57,2026-01-03
262,1,429.8,2026-01-03
263,19,196.39,2026-01-03
264,1,471.94,2026-01-03
265,10,379.2,2026-01-03
266,14,273.73,2026-01-03
267,18,401.94,2026-01-03
268,8,249.23,2026-01-03
269,9,223.56,2026-01-03
270,1,200.54,2026-01-03
271,13,364.85,2026-01-03
272,15,460.58,2026-01-03
273,20,271.72,2026-01-03
274,13,300.03,2026-01-03
275,1,51.13,2026-01-03
276,14,76.49,2026-01-03
277,15,99.05,2026-01-03
278,13,170.4,2026-01-04
279,15,170.15,2026-01-04
280,13,146.35,2026-01-04
281,14,133.61,2026-01-04
282,3,240.45,2026-01-04
283,18,35.52,2026-01-04
284,12,119.87,2026-01-04
285,3,392.8,2026-01-04
286,2,379.57,2026-01-04
287,8,107.69,2026-01-04
288,1,314.45,2026-01-04
289,8,71.85,2026-01-04
290,4,286.35,2026-01-04
291,7,237.87,2026-01-04
292,9,385.78,2026-01-04
293,6,306.89,2026-01-04
294,4,391.12,2026-01-04
295,6,482.71,2026-01-04
296,4,293.56,2026-01-04
297,10,292.14,2026-01-04
298,13,204.36,2026-01-04
299,7,47.24,2026-01-04
300,8,59.93,2026-01-04
301,10,426.64,2026-01-04
302,20,404.71,2026-01-04
303,19,393.49,2026-01-04
304,12,271.05,2026-01-04
305,12,43.79,2026-01-04
306,11,16.2,2026-01-04
307,14,412.94,2026-01-04
308,4,222.43,2026-01-04
309,12,321.44,2026-01-04
310,15,356.58,2026-01-04
311,14,96.31,2026-01-04
312,17,483.08,2026-01-04
313,9,311.8,2026-01-04
314,18,389.57,2026-01-04
315,15,223.43,2026-01-04
316,19,141.51,2026-01-04
317,8,417.06,2026-01-04
318,3,146.67,2026-01-04
319,15,129.49,2026-01-04
320,15,289.23,2026-01-04
321,13,174.83,2026-01-04
322,16,426.97,2026-01-04
323,6,248.9,2026-01-04
324,12,400.94,2026-01-04
325,11,147.03,2026-01-04
326,20,353.58,2026-01-04
327,9,282.34,2026-01-04
328,17,474.55,2026-01-04
329,3,128.26,2026-01-04
330,14,249.4,2026-01-04
331,8,348.4,2026-01-04
332,16,229.61,2026-01-04
333,1,55.6,2026-01-04
334,8,208.16,2026-01-04
335,8,160.04,2026-01-04
336,19,190.82,2026-01-04
337,18,270.15,2026-01-04
338,14,498.35,2026-01-04
339,18,172.09,2026-01-04
340,15,142.75,2026-01-04
341,9,122.96,2026-01-04
342,7,164.62,2026-01-04
343,18,475.93,2026-01-04
344,6,103.86,2026-01-04
345,16,145.48,2026-01-04
346,19,488.54,2026-01-04
347,17,302.43,2026-01-04
348,4,417.99,2026-01-04
349,10,121.47,2026-01-04
350,6,158.11,2026-01-04
351,18,72.03,2026-01-04
352,2,487.4,2026-01-04
353,18,153.15,2026-01-04
354,5,322.56,2026-01-04
355,16,60.27,2026-01-04
356,1,291.29,2026-01-04
357,16,244.57,2026-01-04
358,11,100.34,2026-01-04
359,2,133.71,2026-01-04
360,16,65.9,2026-01-04
361,3,206.35,2026-01-04
362,3,292.74,2026-01-04
363,2,84.35,2026-01-04
364,19,475.07,2026-01-04
365,3,497.02,2026-01-04
366,4,283.46,2026-01-04
367,14,307.1,2026-01-04
368,20,120.59,2026-01-04
369,17,196.39,2026-01-04
370,15,155.7,2026-01-04
371,19,495.12,2026-01-04
372,10,288.63,2026-01-04
373,2,308.72,2026-01-04
374,4,474.32,2026-01-04
375,7,316.5,2026-01-04
376,9,333.61,2026-01-04
377,6,127.53,2026-01-04
378,18,46.78,2026-01-04
379,1,210.17,2026-01-04
380,20,240.26,2026-01-04
381,2,123.42,2026-01-04
382,10,354.46,2026-01-04
383,15,44.88,2026-01-04
384,8,462.72,2026-01-04
385,19,333.98,2026-01-04
386,7,218.32,2026-01-04
387,18,120.16,2026-01-04
388,5,455.12,2026-01-04
389,5,44.99,2026-01-04
390,6,398.39,2026-01-04
391,15,70.93,2026-01-05
392,10,352.87,2026-01-05
393,9,255.23,2026-01-05
394,16,224.5,2026-01-05
395,20,29.53,2026-01-05
396,14,369.92,2026-01-05
397,20,132.68,2026-01-05
398,3,122.17,2026-01-05
399,19,297.69,2026-01-05
400,1,499.79,2026-01-05
401,9,292.36,2026-01-05
402,6,240.55,2026-01-05
403,15,458.88,2026-01-05
404,6,498.5,2026-01-05
405,14,321.04,2026-01-05
406,16,484.84,2026-01-05
407,16,180.5,2026-01-05
408,11,167.32,2026-01-05
409,4,430.29,2026-01-05
410,11,211.71,2026-01-05
411,16,151.23,2026-01-05
412,13,408.65,2026-01-05
413,18,27.98,2026-01-05
414,3,164.11,2026-01-05
415,11,66.8,2026-01-05
416,13,433.81,2026-01-05
417,1,332.25,2026-01-05
418,18,236.37,2026-01-05
419,2,101.92,2026-01-05
420,12,315.09,2026-01-05
421,16,316.45,2026-01-05
422,2,109.74,2026-01-05
423,18,74.2,2026-01-05
424,10,224.68,2026-01-05
425,16,69.5,2026-01-05
426,20,401.66,2026-01-05
427,6,162.27,2026-01-05
428,1,280.6,2026-01-05
429,3,120.1,2026-01-05
430,4,236.11,2026-01-05
431,4,327.38,2026-01-05
432,5,254.2,2026-01-05
433,10,259.35,2026-01-05
434,9,213.59,2026-01-05
435,16,490.32,2026-01-05
436,8,233.83,2026-01-05
437,5,197.96,2026-01-05
438,20,259.04,2026-01-05
439,5,433.37,2026-01-05
440,9,388.61,2026-01-05
441,14,176.54,2026-01-05
442,17,140.91,2026-01-05
443,1,148.59,2026-01-05
444,10,420.36,2026-01-05
445,19,499.46,2026-01-05
446,16,433.98,2026-01-05
447,15,273.9,2026-01-05
448,12,172.9,2026-01-05
449,18,194.83,2026-01-05
450,11,436.1,2026-01-05
451,8,290.18,2026-01-05
452,8,429.45,2026-01-05
453,14,31.39,2026-01-05
454,16,355.56,2026-01-05
455,13,199.18,2026-01-05
456,5,252.71,2026-01-05
457,2,71.86,2026-01-05
458,19,172.68,2026-01-05
459,4,438.35,2026-01-05
460,15,58.86,2026-01-05
461,15,17.52,2026-01-05
462,5,210.89,2026-01-05
463,5,46.67,2026-01-05
464,9,175.9,2026-01-05
465,13,328.42,2026-01-05
466,11,427.65,2026-01-05
467,18,196.2,2026-01-05
468,11,317.13,2026-01-05
469,16,437.47,2026-01-05
470,2,312.56,2026-01-05
471,8,319.27,2026-01-05
472,10,498.74,2026-01-05
473,3,222.65,2026-01-05
474,4,382.58,2026-01-05
475,4,227.4,2026-01-05
476,10,452.68,2026-01-05
477,2,168.94,2026-01-05
478,2,153.75,2026-01-05
479,12,221.04,2026-01-05
480,8,270.27,2026-01-05
481,19,344.08,2026-01-05
482,6,93.29,2026-01-05
483,3,308.65,2026-01-05
484,13,313.66,2026-01-05
485,8,253.86,2026-01-05
486,19,80.13,2026-01-05
487,15,322.57,2026-01-05
488,15,135.11,2026-01-05
489,1,450.47,2026-01-05
490,15,451.59,2026-01-05
491,18,87.41,2026-01-05
492,15,473.17,2026-01-05
493,19,156.59,2026-01-05
494,14,348.25,2026-01-05
495,15,424.2,2026-01-05
496,7,499.69,2026-01-05
497,16,62.26,2026-01-05
498,13,290.24,2026-01-05
499,19,154.98,2026-01-05
500,10,20.75,2026-01-05
501,13,144.5,2026-01-05
502,19,433.88,2026-01-05
503,2,456.2,2026-01-05
504,16,418.09,2026-01-05
505,10,390.11,2026-01-05
506,8,307.46,2026-01-05
507,8,321.94,2026-01-06
508,20,132.81,2026-01-06
509,5,317.84,2026-01-06
510,2,161.38,2026-01-06
511,15,26.35,2026-01-06
512,12,368.86,2026-01-06
513,3,455.72,2026-01-06
514,11,376.27,2026-01-06
515,6,108.39,2026-01-06
516,18,439.47,2026-01-06
517,12,270.12,2026-01-06
518,9,416.93,2026-01-06
519,9,457.88,2026-01-06
520,16,484.02,2026-01-06
521,10,375.81,2026-01-06
522,11,404.07,2026-01-06
523,15,481.82,2026-01-06
524,5,379.53,2026-01-06
525,8,431.47,2026-01-06
526,13,483.96,2026-01-06
527,18,189.23,2026-01-06
528,13,16.82,2026-01-06
529,18,70.56,2026-01-06
530,12,339.69,2026-01-06
531,9,296.43,2026-01-06
532,12,63.09,2026-01-06
533,8,241.02,2026-01-06
534,20,443.28,2026-01-06
535,18,170.72,2026-01-06
536,20,118.47,2026-01-06
537,3,321.35,2026-01-06
538,15,455.6,2026-01-06
539,10,328.13,2026-01-06
540,4,78.49,2026-01-06
541,2,159.14,2026-01-06
542,16,66.9,2026-01-06
543,8,444.76,2026-01-06
544,5,200.44,2026-01-06
545,12,338.54,2026-01-06
546,18,215.37,2026-01-06
547,5,443.85,2026-01-06
548,4,418.51,2026-01-06
549,20,209.98,2026-01-06
550,9,26.03,2026-01-06
551,12,116.46,2026-01-06
552,15,475.77,2026-01-06
553,12,58.68,2026-01-06
554,12,276.79,2026-01-06
555,12,39.67,2026-01-06
556,9,103.01,2026-01-06
557,4,475.02,2026-01-06
558,15,54.92,2026-01-06
559,7,324.44,2026-01-06
560,20,485.84,2026-01-06
561,2,395.53,2026-01-06
562,8,494.52,2026-01-06
563,19,110.55,2026-01-06
564,18,111.51,2026-01-06
565,7,408.4,2026-01-06
566,8,170.99,2026-01-06
567,5,396.44,2026-01-06
568,20,11.39,2026-01-06
569,5,493.89,2026-01-06
570,18,132.82,2026-01-06
571,6,63.86,2026-01-06
572,1,74.58,2026-01-06
573,12,397.09,2026-01-06
574,8,298.54,2026-01-06
575,1,95.38,2026-01-06
576,2,72.11,2026-01-06
577,14,267.78,2026-01-06
578,3,243.36,2026-01-06
579,12,261.49,2026-01-06
580,4,231.48,2026-01-06
581,8,473.25,2026-01-06
582,2,366.35,2026-01-06
583,17,157.8,2026-01-06
584,1,39.8,2026-01-06
585,16,425.18,2026-01-06
586,14,346.19,2026-01-06
587,16,359.08,2026-01-06
588,15,46.01,2026-01-06
589,3,167.83,2026-01-06
590,5,42.18,2026-01-06
591,9,315.92,2026-01-06
592,19,278.69,2026-01-06
593,11,196.64,2026-01-06
594,20,269.97,2026-01-06
595,15,257.72,2026-01-06
596,14,58.6,2026-01-06
597,4,427.87,2026-01-06
598,18,363.21,2026-01-06
599,7,220.73,2026-01-06
600,8,212.77,2026-01-06
601,15,205.38,2026-01-06
602,4,163.15,2026-01-06
603,11,335.9,2026-01-06
604,12,477.26,2026-01-06
605,16,42.9,2026-01-06
606,3,55.68,2026-01-06
607,4,374.85,2026-01-06
608,12,407.77,2026-01-06
609,18,39.39,2026-01-06
610,18,285.22,2026-01-06
611,4,211.3,2026-01-06
612,14,435.37,2026-01-06
613,2,484.52,2026-01-06
614,20,163.1,2026-01-06
615,4,293.18,2026-01-06
616,7,85.82,2026-01-06
617,16,119.88,2026-01-06
618,4,181.56,2026-01-06
619,18,190.1,2026-01-06
620,9,291.31,2026-01-06
621,14,424.13,2026-01-06
622,20,310.65,2026-01-06
623,18,22.86,2026-01-06
624,9,24.19,2026-01-06
625,9,354.32,2026-01-06
626,10,461.55,2026-01-06
627,12,12.99,2026-01-06
628,5,287.5,2026-01-06
629,13,44.1,2026-01-06
630,1,54.96,2026-01-06
631,17,115.42,2026-01-06
632,15,177.04,2026-01-07
633,12,162.7,2026-01-07
634,11,390.65,2026-01-07
635,19,302.15,2026-01-07
636,2,86.23,2026-01-07
637,20,34.38,2026-01-07
638,3,143.33,2026-01-07
639,14,247.97,2026-01-07
640,15,212.95,2026-01-07
641,7,379.92,2026-01-07
642,4,179.13,2026-01-07
643,4,148.79,2026-01-07
644,19,248.45,2026-01-07
645,10,32.25,2026-01-07
646,13,492.38,2026-01-07
647,2,13.77,2026-01-07
648,10,473.21,2026-01-07
649,5,384.44,2026-01-07
650,10,170.78,2026-01-07
651,1,253.72,2026-01-07
652,14,96.09,2026-01-07
653,13,270.97,2026-01-07
654,8,255.13,2026-01-07
655,12,45.32,2026-01-07
656,2,223.75,2026-01-07
657,15,461.37,2026-01-07
658,11,292.12,2026-01-07
659,19,208.17,2026-01-07
660,14,151.86,2026-01-07
661,13,20.22,2026-01-07
662,11,94.22,2026-01-07
663,20,235.45,2026-01-07
664,12,53.18,2026-01-07
665,4,129.23,2026-01-07
666,19,206.22,2026-01-07
667,3,203.93,2026-01-07
668,10,375.44,2026-01-07
669,8,173.2,2026-01-07
670,6,47.43,2026-01-07
671,4,270.0,2026-01-07
672,7,453.9,2026-01-07
673,12,182.04,2026-01-07
674,5,125.77,2026-01-07
675,5,135.42,2026-01-07
676,6,305.18,2026-01-07
677,3,96.8,2026-01-07
678,16,237.34,2026-01-07
679,19,382.34,2026-01-07
680,15,343.76,2026-01-07
681,19,325.07,2026-01-07
682,20,168.37,2026-01-07
683,11,83.97,2026-01-07
684,3,239.77,2026-01-07
685,10,400.2,2026-01-07
686,19,37.52,2026-01-07
687,17,46.35,2026-01-07
688,15,231.44,2026-01-07
689,2,190.68,2026-01-07
690,10,47.6,2026-01-07
691,3,311.35,2026-01-07
692,17,198.4,2026-01-07
693,19,281.62,2026-01-07
694,2,230.37,2026-01-07
695,19,329.4,2026-01-07
696,11,306.45,2026-01-07
697,17,83.92,2026-01-07
698,2,230.76,2026-01-07
699,11,491.37,2026-01-07
700,3,257.23,2026-01-07
701,6,29.18,2026-01-07
702,15,495.58,2026-01-07
703,17,266.15,2026-01-07
704,6,188.31,2026-01-07
705,10,199.83,2026-01-07
706,11,342.66,2026-01-07
707,2,396.72,2026-01-07
708,11,42.3,2026-01-07
709,4,283.4,2026-01-07
710,13,149.23,2026-01-07
711,20,437.91,2026-01-07
712,11,49.94,2026-01-07
713,5,459.21,2026-01-07
714,10,484.17,2026-01-07
715,13,73.19,2026-01-07
716,3,161.7,2026-01-07
717,13,325.31,2026-01-07
718,11,408.46,2026-01-07
719,17,55.79,2026-01-07
720,14,259.16,2026-01-07
721,1,187.67,2026-01-07
722,6,476.07,2026-01-07
723,11,474.36,2026-01-07
724,16,104.08,2026-01-07
725,5,85.92,2026-01-07
726,10,423.77,2026-01-07
727,4,258.77,2026-01-07
728,18,419.21,2026-01-07
729,17,28.5,2026-01-07
730,11,439.43,2026-01-07
731,20,74.21,2026-01-07
732,13,85.58,2026-01-07
733,6,417.36,2026-01-07
734,20,406.43,2026-01-07
735,6,363.38,2026-01-07
736,2,211.32,2026-01-07
737,8,485.1,2026-01-07
738,20,149.61,2026-01-07
739,15,124.66,2026-01-07
740,8,161.64,2026-01-07
741,16,452.95,2026-01-07
742,7,190.24,2026-01-07
743,19,492.38,2026-01-07
744,15,387.02,2026-01-07
745,13,256.42,2026-01-07
746,14,483.47,2026-01-07
747,7,402.62,2026-01-07
748,5,437.77,2026-01-07
749,2,324.18,2026-01-07
750,12,281.72,2026-01-07
751,4,358.59,2026-01-07
752,17,427.07,2026-01-07
753,10,51.1,2026-01-07
754,6,143.67,2026-01-07
755,17,82.2,2026-01-07
756,14,54.94,2026-01-07
757,8,410.18,2026-01-07
758,12,465.93,2026-01-07
759,14,36.1,2026-01-07
760,17,193.24,2026-01-07
761,13,497.32,2026-01-07
762,12,120.02,2026-01-07
763,11,466.1,2026-01-07
764,11,397.78,2026-01-07
765,2,150.57,2026-01-08
766,16,351.08,2026-01-08
767,5,381.83,2026-01-08
768,16,229.81,2026-01-08
769,1,453.87,2026-01-08
770,1,135.4,2026-01-08
771,5,278.91,2026-01-08
772,20,268.61,2026-01-08
773,4,390.32,2026-01-08
774,8,157.56,2026-01-08
775,2,126.84,2026-01-08
776,20,233.99,2026-01-08
777,4,419.98,2026-01-08
778,16,302.4,2026-01-08
779,1,319.66,2026-01-08
780,19,128.55,2026-01-08
781,5,152.72,2026-01-08
782,1,311.26,2026-01-08
783,8,289.63,2026-01-08
784,6,335.54,2026-01-08
785,3,266.51,2026-01-08
786,12,43.16,2026-01-08
787,17,276.6,2026-01-08
788,17,281.53,2026-01-08
789,13,437.93,2026-01-08
790,2,321.48,2026-01-08
791,12,134.29,2026-01-08
792,1,184.98,2026-01-08
793,3,178.95,2026-01-08
794,4,388.04,2026-01-08
795,11,75.37,2026-01-08
796,12,277.55,2026-01-08
797,6,416.89,2026-01-08
798,15,490.6,2026-01-08
799,16,319.55,2026-01-08
800,5,40.92,2026-01-08
801,15,28.12,2026-01-08
802,7,31.47,2026-01-08
803,7,444.04,2026-01-08
804,11,467.35,2026-01-08
805,17,205.13,2026-01-08
806,18,241.97,2026-01-08
807,2,379.11,2026-01-08
808,7,150.19,2026-01-08
809,2,434.24,2026-01-08
810,11,143.88,2026-01-08
811,12,224.11,2026-01-08
812,13,374.22,2026-01-08
813,13,176.13,2026-01-08
814,6,253.14,2026-01-08
815,16,190.0,2026-01-08
816,17,140.69,2026-01-08
817,3,366.27,2026-01-08
818,3,221.0,2026-01-08
819,6,277.28,2026-01-08
820,11,60.27,2026-01-08
821,11,333.85,2026-01-08
822,10,228.5,2026-01-08
823,14,91.66,2026-01-08
824,15,182.26,2026-01-08
825,2,366.14,2026-01-08
826,12,311.28,2026-01-08
827,14,144.53,2026-01-08
828,2,46.77,2026-01-08
829,13,188.02,2026-01-08
830,6,476.87,2026-01-08
831,5,425.85,2026-01-08
832,15,27.05,2026-01-08
833,3,125.64,2026-01-08
834,12,187.45,2026-01-08
835,19,25.87,2026-01-08
836,5,342.74,2026-01-08
837,12,192.29,2026-01-08
838,3,291.22,2026-01-08
839,17,189.81,2026-01-08
840,11,328.28,2026-01-08
841,8,480.65,2026-01-08
842,1,370.48,2026-01-08
843,16,263.7,2026-01-08
844,18,67.7,2026-01-08
845,9,354.98,2026-01-08
846,7,498.22,2026-01-08
847,10,350.05,2026-01-08
848,16,108.09,2026-01-08
849,5,427.88,2026-01-08
850,15,94.6,2026-01-08
851,15,498.66,2026-01-08
852,11,337.24,2026-01-08
853,3,279.5,2026-01-08
854,10,446.75,2026-01-08
855,6,358.79,2026-01-08
856,6,398.91,2026-01-08
857,17,119.88,2026-01-08
858,7,398.11,2026-01-08
859,8,397.28,2026-01-08
860,1,186.84,2026-01-08
861,19,190.77,2026-01-08
862,5,309.85,2026-01-09
863,3,42.22,2026-01-09
864,13,499.8,2026-01-09
865,16,267.59,2026-01-09
866,14,413.44,2026-01-09
867,3,71.41,2026-01-09
868,11,324.75,2026-01-09
869,15,238.26,2026-01-09
870,17,178.81,2026-01-09
871,18,323.5,2026-01-09
872,6,386.21,2026-01-09
873,5,221.98,2026-01-09
874,2,417.38,2026-01-09
875,17,84.98,2026-01-09
876,6,89.36,2026-01-09
877,8,179.55,2026-01-09
878,17,448.51,2026-01-09
879,3,132.8,2026-01-09
880,18,144.48,2026-01-09
881,10,311.07,2026-01-09
882,3,256.26,2026-01-09
883,6,299.99,2026-01-09
884,19,85.56,2026-01-09
885,20,363.11,2026-01-09
886,20,175.43,2026-01-09
887,19,30.19,2026-01-09
888,1,49.8,2026-01-09
889,19,139.68,2026-01-09
890,7,385.81,2026-01-09
891,14,312.87,2026-01-09
892,1,254.04,2026-01-09
893,18,151.94,2026-01-09
894,10,246.64,2026-01-09
895,13,155.74,2026-01-09
896,3,347.42,2026-01-09
897,6,225.41,2026-01-09
898,16,237.58,2026-01-09
899,11,307.26,2026-01-09
900,11,432.13,2026-01-09
901,11,369.76,2026-01-09
902,12,487.93,2026-01-09
903,5,382.73,2026-01-09
904,17,285.21,2026-01-09
905,11,128.45,2026-01-09
906,4,141.06,2026-01-09
907,8,79.03,2026-01-09
908,2,152.2,2026-01-09
909,13,433.44,2026-01-09
910,14,131.65,2026-01-09
911,6,408.6,2026-01-09
912,19,363.35,2026-01-09
913,7,383.93,2026-01-09
914,16,498.03,2026-01-09
915,15,254.39,2026-01-09
916,10,253.71,2026-01-09
917,3,473.16,2026-01-09
918,17,234.04,2026-01-09
919,8,115.42,2026-01-09
920,12,33.84,2026-01-09
921,10,252.5,2026-01-09
922,16,150.02,2026-01-09
923,1,425.11,2026-01-09
924,14,75.63,2026-01-09
925,9,366.48,2026-01-09
926,13,189.31,2026-01-09
927,13,35.07,2026-01-09
928,18,105.38,2026-01-09
929,18,151.41,2026-01-09
930,13,257.09,2026-01-09
931,18,147.06,2026-01-09
932,20,343.4,2026-01-09
933,4,73.05,2026-01-09
934,4,203.01,2026-01-09
935,11,283.34,2026-01-09
936,12,379.93,2026-01-09
937,7,305.21,2026-01-09
938,13,255.04,2026-01-09
939,2,29.07,2026-01-09
940,11,403.94,2026-01-09
941,17,233.92,2026-01-09
942,20,447.63,2026-01-09
943,5,170.7,2026-01-09
944,20,166.08,2026-01-09
945,13,495.4,2026-01-09
946,10,300.93,2026-01-09
947,17,415.86,2026-01-09
948,18,250.02,2026-01-09
949,19,156.9,2026-01-09
950,1,190.5,2026-01-09
951,4,490.15,2026-01-09
952,19,160.76,2026-01-09
953,1,302.49,2026-01-09
954,9,483.86,2026-01-09
955,19,293.04,2026-01-09
956,2,295.93,2026-01-09
957,6,266.87,2026-01-09
958,20,389.56,2026-01-09
959,13,82.41,2026-01-09
960,8,25.47,2026-01-09
961,4,103.48,2026-01-09
962,15,163.71,2026-01-09
963,5,212.35,2026-01-09
964,7,211.08,2026-01-09
965,20,461.06,2026-01-09
966,2,355.83,2026-01-09
967,17,111.6,2026-01-09
968,11,499.08,2026-01-09
969,16,267.48,2026-01-09
970,11,478.78,2026-01-09
971,15,456.94,2026-01-09
972,11,277.67,2026-01-09
973,9,308.94,2026-01-09
974,7,479.1,2026-01-09
975,9,283.46,2026-01-09
976,8,471.33,2026-01-09
977,10,387.88,2026-01-09
978,7,348.22,2026-01-09
979,16,165.35,2026-01-09
980,12,284.64,2026-01-09
981,9,151.02,2026-01-09
982,19,341.54,2026-01-09
983,13,448.92,2026-01-09
984,13,411.0,2026-01-09
985,5,152.32,2026-01-09
986,10,478.1,2026-01-09
987,3,179.72,2026-01-09
988,15,331.43,2026-01-09
989,16,114.85,2026-01-09
990,18,142.86,2026-01-09
991,18,351.12,2026-01-09
992,5,63.52,2026-01-09
993,19,127.25,2026-01-09
994,2,338.22,2026-01-09
995,17,120.58,2026-01-09
996,8,35.72,2026-01-09
997,14,171.84,2026-01-09
998,16,59.27,2026-01-09
999,5,12.54,2026-01-09
1000,18,489.18,2026-01-09
1001,6,209.38,2026-01-09
1002,16,243.95,2026-01-09
1003,7,380.4,2026-01-09
1004,10,167.37,2026-01-09
1005,2,454.89,2026-01-09
1006,3,329.63,2026-01-09
1007,8,272.22,2026-01-09
1008,2,457.48,2026-01-09
1009,6,214.76,2026-01-09
1010,6,467.62,2026-01-09
1011,2,498.61,2026-01-09
1012,16,101.29,2026-01-10
1013,10,439.6,2026-01-10
1014,1,156.21,2026-01-10
1015,20,62.58,2026-01-10
1016,11,149.44,2026-01-10
1017,18,266.92,2026-01-10
1018,5,427.02,2026-01-10
1019,15,143.69,2026-01-10
1020,4,172.04,2026-01-10
1021,15,327.66,2026-01-10
1022,6,16.9,2026-01-10
1023,11,397.48,2026-01-10
1024,19,340.46,2026-01-10
1025,7,95.99,2026-01-10
1026,13,415.23,2026-01-10
1027,17,170.68,2026-01-10
1028,13,337.94,2026-01-10
1029,6,491.03,2026-01-10
1030,16,168.56,2026-01-10
1031,8,13.35,2026-01-10
1032,13,125.41,2026-01-10
1033,9,477.48,2026-01-10
1034,10,295.41,2026-01-10
1035,19,15.6,2026-01-10
1036,12,349.46,2026-01-10
1037,2,337.22,2026-01-10
1038,15,160.34,2026-01-10
1039,13,346.18,2026-01-10
1040,10,348.24,2026-01-10
1041,10,190.1,2026-01-10
1042,8,117.37,2026-01-10
1043,5,244.31,2026-01-10
1044,15,376.39,2026-01-10
1045,20,193.08,2026-01-10
1046,18,457.27,2026-01-10
1047,18,402.98,2026-01-10
1048,7,383.31,2026-01-10
1049,20,437.84,2026-01-10
1050,3,267.5,2026-01-10
1051,17,354.85,2026-01-10
1052,3,459.45,2026-01-10
1053,4,40.26,2026-01-10
1054,18,452.42,2026-01-10
1055,7,290.62,2026-01-10
1056,5,90.62,2026-01-10
1057,17,226.5,2026-01-10
1058,7,361.29,2026-01-10
1059,16,54.56,2026-01-10
1060,17,228.29,2026-01-10
1061,2,232.18,2026-01-10
1062,17,213.56,2026-01-10
1063,19,38.29,2026-01-10
1064,15,339.66,2026-01-10
1065,10,364.41,2026-01-10
1066,13,134.68,2026-01-10
1067,1,375.44,2026-01-10
1068,19,45.78,2026-01-10
1069,14,178.82,2026-01-10
1070,3,275.17,2026-01-10
1071,2,467.95,2026-01-10
1072,3,493.21,2026-01-10
1073,16,25.55,2026-01-10
1074,14,98.19,2026-01-10
1075,5,385.26,2026-01-10
1076,14,193.49,2026-01-10
1077,13,229.78,2026-01-10
1078,13,194.07,2026-01-10
1079,18,75.17,2026-01-10
1080,12,68.13,2026-01-10
1081,18,202.6,2026-01-10
1082,5,366.65,2026-01-10
1083,8,419.06,2026-01-10
1084,1,489.46,2026-01-10
1085,15,340.01,2026-01-10
1086,18,217.82,2026-01-10
1087,13,413.45,2026-01-10
1088,8,235.71,2026-01-10
1089,5,145.07,2026-01-10
1090,4,25.79,2026-01-10
1091,14,311.31,2026-01-10
1092,1,127.93,2026-01-10
1093,3,59.44,2026-01-10
1094,2,228.76,2026-01-10
1095,2,129.92,2026-01-10
1096,2,207.11,2026-01-10
1097,8,274.48,2026-01-10
1098,2,78.67,2026-01-10
1099,10,124.74,2026-01-10
1100,19,166.26,2026-01-10
1101,20,388.54,2026-01-10
1102,11,126.08,2026-01-10
1103,5,492.99,2026-01-10
1104,17,118.31,2026-01-10
1105,10,144.83,2026-01-10
1106,18,474.77,2026-01-10
1107,6,316.74,2026-01-10
1108,14,282.37,2026-01-10
1109,2,486.42,2026-01-10
1110,13,395.04,2026-01-10
1111,11,351.19,2026-01-10
1112,14,83.12,2026-01-10
1113,13,100.1,2026-01-10
1114,18,242.02,2026-01-10
1115,8,157.36,2026-01-10
1116,5,404.83,2026-01-10
1117,2,285.57,2026-01-10
1118,14,283.07,2026-01-10
1119,5,200.33,2026-01-10
1120,9,109.63,2026-01-10
1121,3,461.89,2026-01-10
1122,12,55.31,2026-01-10
1123,7,35.25,2026-01-10
1124,13,340.1,2026-01-10
1125,20,29.38,2026-01-10
1126,3,102.2,2026-01-10
1127,19,364.91,2026-01-10
1128,18,116.34,2026-01-10
1129,7,436.04,2026-01-10
1130,11,158.56,2026-01-10
1131,1,113.79,2026-01-10
1132,7,481.42,2026-01-10
1133,4,375.97,2026-01-10
1134,16,458.08,2026-01-10
1135,20,354.85,2026-01-10
1136,13,458.41,2026-01-10
1137,18,167.59,2026-01-10
1138,10,196.52,2026-01-10
1139,18,327.87,2026-01-10
1140,10,138.17,2026-01-10
1141,17,442.58,2026-01-10
1142,4,403.38,2026-01-11
1143,16,383.2,2026-01-11
1144,11,458.02,2026-01-11
1145,12,163.33,2026-01-11
1146,2,285.64,2026-01-11
1147,8,373.21,2026-01-11
1148,1,137.78,2026-01-11
1149,19,293.78,2026-01-11
1150,14,154.64,2026-01-11
1151,7,171.63,2026-01-11
1152,13,289.2,2026-01-11
1153,8,254.66,2026-01-11
1154,11,136.09,2026-01-11
1155,16,483.59,2026-01-11
1156,16,235.81,2026-01-11
1157,12,92.94,2026-01-11
1158,18,249.27,2026-01-11
1159,18,495.26,2026-01-11
1160,2,266.73,2026-01-11
1161,3,473.14,2026-01-11
1162,2,384.53,2026-01-11
1163,14,77.37,2026-01-11
1164,8,43.3,2026-01-11
1165,5,14.48,2026-01-11
1166,17,233.44,2026-01-11
1167,2,312.74,2026-01-11
1168,20,457.25,2026-01-11
1169,16,17.71,2026-01-11
1170,18,280.31,2026-01-11
1171,1,18.2,2026-01-11
1172,9,272.51,2026-01-11
1173,10,18.4,2026-01-11
1174,14,405.02,2026-01-11
1175,6,62.44,2026-01-11
1176,4,266.95,2026-01-11
1177,8,104.05,2026-01-11
1178,17,133.68,2026-01-11
1179,12,140.99,2026-01-11
1180,13,48.72,2026-01-11
1181,13,234.91,2026-01-11
1182,8,495.21,2026-01-11
1183,8,156.99,2026-01-11
1184,3,330.33,2026-01-11
1185,2,55.82,2026-01-11
1186,13,194.81,2026-01-11
1187,16,37.5,2026-01-11
1188,1,354.39,2026-01-11
1189,3,254.93,2026-01-11
1190,14,326.0,2026-01-11
1191,11,287.27,2026-01-11
1192,4,448.45,2026-01-11
1193,2,122.59,2026-01-11
1194,19,243.0,2026-01-11
1195,2,462.84,2026-01-11
1196,9,450.66,2026-01-11
1197,19,332.47,2026-01-11
1198,6,465.1,2026-01-11
1199,11,17.67,2026-01-11
1200,7,297.65,2026-01-11
1201,13,465.15,2026-01-11
1202,10,89.6,2026-01-11
1203,8,287.68,2026-01-11
1204,13,341.75,2026-01-11
1205,18,172.55,2026-01-11
1206,5,397.34,2026-01-11
1207,3,255.39,2026-01-11
1208,12,36.31,2026-01-11
1209,14,123.75,2026-01-11
1210,3,176.89,2026-01-11
1211,20,477.88,2026-01-11
1212,13,484.77,2026-01-11
1213,11,24.52,2026-01-11
1214,9,393.94,2026-01-11
1215,15,250.4,2026-01-11
1216,12,280.99,2026-01-11
1217,13,221.61,2026-01-11
1218,19,333.73,2026-01-11
1219,3,388.36,2026-01-11
1220,10,401.05,2026-01-11
1221,3,50.2,2026-01-11
1222,5,196.2,2026-01-11
1223,5,372.43,2026-01-11
1224,11,186.74,2026-01-11
1225,3,12.55,2026-01-11
1226,10,227.92,2026-01-11
1227,9,60.09,2026-01-11
1228,3,101.82,2026-01-11
1229,15,282.92,2026-01-11
1230,17,209.94,2026-01-11
1231,1,53.91,2026-01-11
1232,18,55.6,2026-01-11
1233,20,394.37,2026-01-11
1234,13,16.05,2026-01-11
1235,14,200.02,2026-01-11
1236,3,365.17,2026-01-11
1237,18,453.55,2026-01-11
1238,8,290.26,2026-01-11
1239,6,345.8,2026-01-11
1240,6,78.03,2026-01-11
1241,10,141.52,2026-01-11
1242,5,41.0,2026-01-11
1243,14,145.22,2026-01-11
1244,10,247.27,2026-01-11
1245,3,186.95,2026-01-11
1246,8,363.24,2026-01-11
1247,16,300.97,2026-01-11
1248,7,234.35,2026-01-11
1249,5,159.28,2026-01-11
1250,13,172.79,2026-01-11
1251,20,196.15,2026-01-11
1252,11,225.71,2026-01-11
1253,14,409.58,2026-01-11
1254,20,76.7,2026-01-11
1255,11,305.57,2026-01-11
1256,7,244.71,2026-01-11
1257,6,482.64,2026-01-11
1258,11,152.81,2026-01-11
1259,16,484.2,2026-01-11
1260,8,169.68,2026-01-11
1261,9,410.08,2026-01-11
1262,13,188.86,2026-01-11
1263,19,107.9,2026-01-11
1264,18,98.16,2026-01-11
1265,18,23.19,2026-01-11
1266,15,472.06,2026-01-11
1267,7,224.84,2026-01-11
1268,10,417.33,2026-01-11
1269,3,411.29,2026-01-11
1270,14,339.76,2026-01-11
1271,5,320.33,2026-01-11
1272,8,133.81,2026-01-11
1273,5,360.47,2026-01-11
1274,13,46.24,2026-01-11
1275,20,244.83,2026-01-11
1276,13,271.84,2026-01-11
1277,14,276.39,2026-01-11
1278,12,353.8,2026-01-11
1279,18,300.97,2026-01-11
1280,3,63.59,2026-01-11
1281,12,91.51,2026-01-12
1282,20,31.71,2026-01-12
1283,13,483.74,2026-01-12
1284,11,483.2,2026-01-12
1285,14,61.91,2026-01-12
1286,4,136.78,2026-01-12
1287,17,375.96,2026-01-12
1288,18,294.45,2026-01-12
1289,19,118.31,2026-01-12
1290,12,201.66,2026-01-12
1291,19,348.31,2026-01-12
1292,5,179.03,2026-01-12
1293,1,246.56,2026-01-12
1294,10,213.83,2026-01-12
1295,3,66.87,2026-01-12
1296,5,180.68,2026-01-12
1297,11,233.11,2026-01-12
1298,7,265.35,2026-01-12
1299,12,243.32,2026-01-12
1300,15,363.78,2026-01-12
1301,15,166.27,2026-01-12
1302,10,31.89,2026-01-12
1303,4,21.07,2026-01-12
1304,11,327.51,2026-01-12
1305,6,465.66,2026-01-12
1306,8,262.84,2026-01-12
1307,18,88.47,2026-01-12
1308,18,218.92,2026-01-12
1309,15,123.61,2026-01-12
1310,13,318.58,2026-01-12
1311,6,323.83,2026-01-12
1312,14,203.84,2026-01-12
1313,20,442.72,2026-01-12
1314,15,300.18,2026-01-12
1315,13,12.18,2026-01-12
1316,7,110.83,2026-01-12
1317,3,292.9,2026-01-12
1318,18,101.61,2026-01-12
1319,11,106.57,2026-01-12
1320,4,138.55,2026-01-12
1321,16,268.58,2026-01-12
1322,11,302.52,2026-01-12
1323,20,202.35,2026-01-12
1324,4,180.48,2026-01-12
1325,15,312.51,2026-01-12
1326,10,460.15,2026-01-12
1327,19,51.53,2026-01-12
1328,5,163.46,2026-01-12
1329,8,159.64,2026-01-12
1330,6,192.92,2026-01-12
1331,5,260.3,2026-01-12
1332,14,302.25,2026-01-12
1333,19,198.02,2026-01-12
1334,6,248.47,2026-01-12
1335,18,349.78,2026-01-12
1336,6,281.91,2026-01-12
1337,16,151.53,2026-01-12
1338,6,164.14,2026-01-12
1339,15,313.51,2026-01-12
1340,12,476.4,2026-01-12
1341,16,76.9,2026-01-12
1342,13,482.28,2026-01-12
1343,17,330.0,2026-01-12
1344,14,345.5,2026-01-12
1345,14,357.97,2026-01-12
1346,15,249.46,2026-01-12
1347,3,287.04,2026-01-12
1348,8,153.12,2026-01-12
1349,9,120.17,2026-01-12
1350,10,92.42,2026-01-12
1351,15,287.17,2026-01-12
1352,16,279.37,2026-01-12
1353,4,290.63,2026-01-12
1354,9,389.81,2026-01-12
1355,12,275.6,2026-01-12
1356,2,382.4,2026-01-12
1357,15,277.71,2026-01-12
1358,14,60.18,2026-01-12
1359,8,155.88,2026-01-12
1360,2,230.37,2026-01-12
1361,12,432.48,2026-01-12
1362,3,225.14,2026-01-12
1363,4,390.06,2026-01-12
1364,8,112.84,2026-01-12
1365,19,347.68,2026-01-12
1366,20,320.06,2026-01-12
1367,6,311.91,2026-01-12
1368,7,408.63,2026-01-12
1369,2,289.34,2026-01-12
1370,18,147.73,2026-01-12
1371,18,92.5,2026-01-12
1372,10,151.77,2026-01-12
1373,9,476.67,2026-01-12
1374,17,492.89,2026-01-12
1375,4,76.44,2026-01-12
1376,14,460.2,2026-01-12
1377,9,434.85,2026-01-12
1378,5,353.7,2026-01-12
1379,5,132.34,2026-01-12
1380,11,415.96,2026-01-12
1381,13,249.83,2026-01-12
1382,19,319.88,2026-01-12
1383,14,193.83,2026-01-12
1384,3,320.48,2026-01-12
1385,3,207.4,2026-01-12
1386,9,350.4,2026-01-12
1387,12,232.8,2026-01-12
1388,16,170.37,2026-01-12
1389,1,435.76,2026-01-12
1390,3,368.16,2026-01-12
1391,15,321.07,2026-01-12
1392,3,399.88,2026-01-13
1393,13,116.74,2026-01-13
1394,14,414.18,2026-01-13
1395,16,141.58,2026-01-13
1396,10,175.5,2026-01-13
1397,19,73.99,2026-01-13
1398,16,396.27,2026-01-13
1399,2,32.51,2026-01-13
1400,15,17.98,2026-01-13
1401,6,226.23,2026-01-13
1402,1,496.0,2026-01-13
1403,14,109.14,2026-01-13
1404,5,442.25,2026-01-13
1405,10,87.9,2026-01-13
1406,9,55.74,2026-01-13
1407,12,132.69,2026-01-13
1408,12,335.61,2026-01-13
1409,6,35.38,2026-01-13
1410,10,365.73,2026-01-13
1411,8,220.32,2026-01-13
1412,3,354.81,2026-01-13
1413,1,114.58,2026-01-13
1414,3,75.02,2026-01-13
1415,8,264.53,2026-01-13
1416,15,14.55,2026-01-13
1417,11,410.38,2026-01-13
1418,14,350.08,2026-01-13
1419,16,44.71,2026-01-13
1420,13,53.77,2026-01-13
1421,4,60.57,2026-01-13
1422,12,441.68,2026-01-13
1423,5,197.53,2026-01-13
1424,5,324.37,2026-01-13
1425,5,43.52,2026-01-13
1426,19,14.15,2026-01-13
1427,6,225.65,2026-01-13
1428,7,317.76,2026-01-13
1429,5,460.75,2026-01-13
1430,20,346.42,2026-01-13
1431,7,52.48,2026-01-13
1432,4,78.61,2026-01-13
1433,4,298.89,2026-01-13
1434,13,182.25,2026-01-13
1435,14,164.11,2026-01-13
1436,5,131.42,2026-01-13
1437,3,131.6,2026-01-13
1438,20,304.0,2026-01-13
1439,20,149.61,2026-01-13
1440,1,425.47,2026-01-13
1441,10,110.67,2026-01-13
1442,20,259.67,2026-01-13
1443,13,154.82,2026-01-13
1444,2,394.06,2026-01-13
1445,8,252.49,2026-01-13
1446,4,128.13,2026-01-13
1447,20,44.8,2026-01-13
1448,1,493.57,2026-01-13
1449,11,74.67,2026-01-13
1450,19,216.22,2026-01-13
1451,18,344.64,2026-01-13
1452,16,477.68,2026-01-13
1453,3,18.18,2026-01-13
1454,3,16.76,2026-01-13
1455,7,29.52,2026-01-13
1456,2,474.85,2026-01-13
1457,13,258.24,2026-01-13
1458,17,385.88,2026-01-13
1459,14,353.89,2026-01-13
1460,3,323.86,2026-01-13
1461,18,311.86,2026-01-13
1462,9,50.96,2026-01-13
1463,3,260.54,2026-01-13
1464,7,487.41,2026-01-13
1465,5,272.83,2026-01-13
1466,13,297.35,2026-01-13
1467,3,161.98,2026-01-13
1468,14,367.68,2026-01-13
1469,8,38.37,2026-01-13
1470,3,463.07,2026-01-13
1471,4,232.15,2026-01-13
1472,20,36.96,2026-01-13
1473,6,68.53,2026-01-13
1474,5,353.73,2026-01-13
1475,6,253.24,2026-01-13
1476,12,266.27,2026-01-13
1477,9,91.81,2026-01-13
1478,5,377.39,2026-01-13
1479,9,369.14,2026-01-13
1480,4,388.0,2026-01-13
1481,1,174.16,2026-01-13
1482,14,143.27,2026-01-13
1483,3,138.85,2026-01-13
1484,19,317.49,2026-01-13
1485,16,233.05,2026-01-13
1486,12,37.17,2026-01-13
1487,19,91.77,2026-01-13
1488,6,135.01,2026-01-13
1489,4,448.19,2026-01-13
1490,4,121.92,2026-01-13
1491,17,11.26,2026-01-13
1492,1,129.83,2026-01-13
1493,16,188.35,2026-01-13
1494,5,97.69,2026-01-13
1495,2,280.9,2026-01-13
1496,14,120.01,2026-01-13
1497,8,213.97,2026-01-13
1498,11,142.92,2026-01-13
1499,3,290.05,2026-01-13
1500,4,256.0,2026-01-13
1501,2,97.88,2026-01-13
1502,17,490.89,2026-01-13
1503,13,43.77,2026-01-13
1504,15,434.36,2026-01-13
1505,10,170.38,2026-01-13
1506,18,233.81,2026-01-13
1507,12,108.33,2026-01-13
1508,19,394.41,2026-01-13
1509,20,128.87,2026-01-13
1510,12,299.93,2026-01-13
1511,16,498.92,2026-01-13
1512,7,368.91,2026-01-13
1513,18,382.64,2026-01-13
1514,8,83.78,2026-01-13
1515,14,21.72,2026-01-13
1516,18,179.75,2026-01-13
1517,11,10.72,2026-01-14
1518,13,426.01,2026-01-14
1519,10,60.94,2026-01-14
1520,17,491.73,2026-01-14
1521,14,251.09,2026-01-14
1522,2,486.55,2026-01-14
1523,5,358.71,2026-01-14
1524,3,31.51,2026-01-14
1525,8,449.67,2026-01-14
1526,17,212.4,2026-01-14
1527,12,234.64,2026-01-14
1528,3,294.58,2026-01-14
1529,17,75.42,2026-01-14
1530,13,46.67,2026-01-14
1531,19,40.52,2026-01-14
1532,5,126.02,2026-01-14
1533,9,426.95,2026-01-14
1534,13,353.36,2026-01-14
1535,11,165.85,2026-01-14
1536,9,124.47,2026-01-14
1537,7,76.69,2026-01-14
1538,19,63.4,2026-01-14
1539,4,90.54,2026-01-14
1540,15,163.88,2026-01-14
1541,4,272.6,2026-01-14
1542,7,231.44,2026-01-14
1543,15,139.85,2026-01-14
1544,4,54.31,2026-01-14
1545,10,414.93,2026-01-14
1546,20,29.76,2026-01-14
1547,11,82.68,2026-01-14
1548,8,484.52,2026-01-14
1549,13,261.6,2026-01-14
1550,10,137.48,2026-01-14
1551,6,25.23,2026-01-14
1552,13,428.75,2026-01-14
1553,18,376.56,2026-01-14
1554,8,56.42,2026-01-14
1555,4,403.91,2026-01-14
1556,5,69.51,2026-01-14
1557,2,416.88,2026-01-14
1558,8,74.05,2026-01-14
1559,13,192.4,2026-01-14
1560,3,295.34,2026-01-14
1561,9,459.54,2026-01-14
1562,3,20.68,2026-01-14
1563,3,106.9,2026-01-14
1564,15,406.56,2026-01-14
1565,3,453.49,2026-01-14
1566,11,70.04,2026-01-14
1567,15,34.81,2026-01-14
1568,19,222.25,2026-01-14
1569,13,253.1,2026-01-14
1570,13,344.77,2026-01-14
1571,6,183.43,2026-01-14
1572,6,144.74,2026-01-14
1573,15,442.88,2026-01-14
1574,2,310.91,2026-01-14
1575,20,130.43,2026-01-14
1576,10,254.46,2026-01-14
1577,18,244.73,2026-01-14
1578,3,147.09,2026-01-14
1579,5,215.43,2026-01-14
1580,17,132.08,2026-01-14
1581,18,399.47,2026-01-14
1582,13,393.14,2026-01-14
1583,12,245.05,2026-01-14
1584,16,178.58,2026-01-14
1585,19,256.17,2026-01-14
1586,13,142.51,2026-01-14
1587,1,166.25,2026-01-14
1588,8,24.36,2026-01-14
1589,9,38.71,2026-01-14
1590,16,269.42,2026-01-14
1591,19,499.81,2026-01-14
1592,6,59.07,2026-01-14
1593,8,140.6,2026-01-14
1594,2,384.38,2026-01-14
1595,8,292.09,2026-01-14
1596,13,183.85,2026-01-14
1597,6,96.29,2026-01-14
1598,12,457.85,2026-01-15
1599,1,354.69,2026-01-15
1600,12,474.3,2026-01-15
1601,19,79.63,2026-01-15
1602,7,419.98,2026-01-15
1603,16,275.64,2026-01-15
1604,6,250.31,2026-01-15
1605,3,37.52,2026-01-15
1606,20,117.22,2026-01-15
1607,17,244.21,2026-01-15
1608,11,459.77,2026-01-15
1609,7,405.16,2026-01-15
1610,11,361.3,2026-01-15
1611,11,39.18,2026-01-15
1612,5,297.44,2026-01-15
1613,5,389.44,2026-01-15
1614,17,431.73,2026-01-15
1615,3,193.06,2026-01-15
1616,13,297.15,2026-01-15
1617,11,157.86,2026-01-15
1618,5,488.17,2026-01-15
1619,14,398.0,2026-01-15
1620,16,328.1,2026-01-15
1621,6,356.52,2026-01-15
1622,18,349.84,2026-01-15
1623,20,395.63,2026-01-15
1624,8,336.11,2026-01-15
1625,6,195.41,2026-01-15
1626,10,72.4,2026-01-15
1627,1,474.91,2026-01-15
1628,19,201.88,2026-01-15
1629,19,25.87,2026-01-15
1630,20,165.93,2026-01-15
1631,20,118.24,2026-01-15
1632,19,61.01,2026-01-15
1633,16,78.92,2026-01-15
1634,3,126.62,2026-01-15
1635,11,92.26,2026-01-15
1636,3,412.61,2026-01-15
1637,11,228.85,2026-01-15
1638,9,112.75,2026-01-15
1639,3,181.74,2026-01-15
1640,4,363.0,2026-01-15
1641,2,199.11,2026-01-15
1642,14,484.86,2026-01-15
1643,14,251.61,2026-01-15
1644,13,182.1,2026-01-15
1645,13,59.7,2026-01-15
1646,16,396.48,2026-01-15
1647,19,328.98,2026-01-15
1648,8,89.7,2026-01-15
1649,3,401.61,2026-01-15
1650,2,154.51,2026-01-15
1651,11,137.95,2026-01-15
1652,4,46.36,2026-01-15
1653,6,445.09,2026-01-15
1654,6,368.67,2026-01-15
1655,18,471.5,2026-01-15
1656,3,175.6,2026-01-15
1657,20,447.68,2026-01-15
1658,1,221.35,2026-01-15
1659,6,307.59,2026-01-15
1660,14,86.98,2026-01-15
1661,4,172.24,2026-01-15
1662,7,210.55,2026-01-15
1663,18,363.8,2026-01-15
1664,18,139.98,2026-01-15
1665,10,155.73,2026-01-15
1666,4,34.32,2026-01-15
1667,19,279.33,2026-01-15
1668,16,85.26,2026-01-15
1669,12,11.87,2026-01-15
1670,3,154.33,2026-01-15
1671,20,245.36,2026-01-15
1672,4,22.61,2026-01-15
1673,6,322.71,2026-01-15
1674,3,242.05,2026-01-15
1675,4,161.09,2026-01-15
1676,13,240.76,2026-01-15
1677,9,54.66,2026-01-15
1678,18,199.89,2026-01-15
1679,12,443.89,2026-01-15
1680,12,101.43,2026-01-15
1681,2,139.02,2026-01-15
1682,15,139.07,2026-01-15
1683,9,286.48,2026-01-15
1684,5,378.6,2026-01-15
1685,4,52.0,2026-01-15
1686,12,406.01,2026-01-15
1687,14,485.65,2026-01-15
1688,19,121.48,2026-01-15
1689,2,421.99,2026-01-15
1690,17,215.13,2026-01-15
1691,18,346.66,2026-01-15
1692,16,290.63,2026-01-15
1693,8,243.37,2026-01-15
1694,3,203.45,2026-01-15
1695,2,256.03,2026-01-15
1696,17,402.22,2026-01-15
1697,20,82.25,2026-01-15
1698,15,94.71,2026-01-15
1699,6,486.36,2026-01-15
1700,7,71.83,2026-01-15
1701,14,48.4,2026-01-15
1702,14,108.94,2026-01-15
1703,5,418.71,2026-01-15
1704,9,166.68,2026-01-15
1705,3,52.64,2026-01-15
1706,18,204.7,2026-01-15
1707,11,429.75,2026-01-15
1708,17,234.5,2026-01-15
1709,1,395.41,2026-01-15
1710,20,297.91,2026-01-15
1711,14,65.13,2026-01-15
1712,5,82.62,2026-01-15
1713,19,295.51,2026-01-15
1714,4,463.21,2026-01-15
1715,19,391.98,2026-01-15
1716,10,435.06,2026-01-15
1717,12,440.17,2026-01-15
1718,13,330.85,2026-01-16
1719,19,308.39,2026-01-16
1720,2,94.38,2026-01-16
1721,13,80.49,2026-01-16
1722,20,343.6,2026-01-16
1723,13,29.0,2026-01-16
1724,11,348.35,2026-01-16
1725,2,375.42,2026-01-16
1726,9,449.55,2026-01-16
1727,1,175.55,2026-01-16
1728,10,162.37,2026-01-16
1729,16,430.54,2026-01-16
1730,4,486.52,2026-01-16
1731,8,75.85,2026-01-16
1732,15,389.28,2026-01-16
1733,11,142.02,2026-01-16
1734,14,306.44,2026-01-16
1735,3,102.09,2026-01-16
1736,7,457.58,2026-01-16
1737,14,373.06,2026-01-16
1738,17,434.92,2026-01-16
1739,2,262.48,2026-01-16
1740,6,42.15,2026-01-16
1741,17,207.66,2026-01-16
1742,17,440.87,2026-01-16
1743,1,95.13,2026-01-16
1744,7,420.12,2026-01-16
1745,8,26.2,2026-01-16
1746,2,459.84,2026-01-16
1747,7,144.25,2026-01-16
1748,15,257.51,2026-01-16
1749,4,343.78,2026-01-16
1750,8,192.51,2026-01-16
1751,20,228.59,2026-01-16
1752,16,297.57,2026-01-16
1753,12,178.68,2026-01-16
1754,9,376.99,2026-01-16
1755,3,149.68,2026-01-16
1756,13,34.33,2026-01-16
1757,19,392.12,2026-01-16
1758,7,429.98,2026-01-16
1759,8,342.07,2026-01-16
1760,9,329.28,2026-01-16
1761,17,19.83,2026-01-16
1762,1,242.31,2026-01-16
1763,5,327.21,2026-01-16
1764,20,402.42,2026-01-16
1765,8,133.67,2026-01-16
1766,10,359.24,2026-01-16
1767,9,217.67,2026-01-16
1768,13,427.28,2026-01-16
1769,15,133.48,2026-01-16
1770,15,158.05,2026-01-16
1771,17,413.91,2026-01-16
1772,13,296.4,2026-01-16
1773,1,260.64,2026-01-16
1774,12,285.11,2026-01-16
1775,20,308.43,2026-01-16
1776,10,345.36,2026-01-16
1777,16,41.28,2026-01-16
1778,9,323.89,2026-01-16
1779,9,137.96,2026-01-16
1780,10,102.3,2026-01-16
1781,17,385.08,2026-01-16
1782,2,404.66,2026-01-16
1783,20,208.01,2026-01-16
1784,11,343.57,2026-01-16
1785,1,331.15,2026-01-16
1786,10,137.12,2026-01-16
1787,14,208.25,2026-01-16
1788,2,295.68,2026-01-16
1789,19,409.85,2026-01-16
1790,11,366.01,2026-01-16
1791,8,346.3,2026-01-16
1792,16,454.2,2026-01-16
1793,12,258.58,2026-01-16
1794,6,421.91,2026-01-16
1795,18,98.76,2026-01-16
1796,4,240.68,2026-01-16
1797,9,365.34,2026-01-16
1798,18,383.83,2026-01-16
1799,6,473.99,2026-01-16
1800,11,330.67,2026-01-16
1801,8,184.09,2026-01-16
1802,10,216.03,2026-01-16
1803,11,192.12,2026-01-16
1804,19,154.09,2026-01-16
1805,4,240.56,2026-01-16
1806,19,294.35,2026-01-16
1807,20,44.9,2026-01-16
1808,7,255.23,2026-01-16
1809,13,269.62,2026-01-16
1810,14,36.49,2026-01-16
1811,5,77.31,2026-01-16
1812,7,177.91,2026-01-16
1813,19,447.49,2026-01-16
1814,15,80.18,2026-01-16
1815,6,391.68,2026-01-16
1816,16,172.99,2026-01-16
1817,6,163.57,2026-01-16
1818,2,12.31,2026-01-16
1819,9,112.6,2026-01-16
1820,6,292.38,2026-01-16
1821,6,249.89,2026-01-16
1822,3,73.41,2026-01-16
1823,14,320.41,2026-01-16
1824,13,220.22,2026-01-16
1825,16,197.83,2026-01-16
1826,2,271.55,2026-01-16
1827,12,475.53,2026-01-16
1828,11,380.86,2026-01-16
1829,17,103.38,2026-01-16
1830,1,317.08,2026-01-16
1831,8,349.83,2026-01-17
1832,12,162.93,2026-01-17
1833,4,197.94,2026-01-17
1834,19,160.0,2026-01-17
1835,3,413.68,2026-01-17
1836,10,474.75,2026-01-17
1837,15,366.64,2026-01-17
1838,20,266.82,2026-01-17
1839,14,445.11,2026-01-17
1840,5,177.94,2026-01-17
1841,16,186.03,2026-01-17
1842,7,90.79,2026-01-17
1843,13,19.37,2026-01-17
1844,8,366.31,2026-01-17
1845,5,113.48,2026-01-17
1846,1,298.95,2026-01-17
1847,6,70.35,2026-01-17
1848,2,193.84,2026-01-17
1849,9,387.91,2026-01-17
1850,20,33.81,2026-01-17
1851,2,334.37,2026-01-17
1852,1,33.64,2026-01-17
1853,4,214.22,2026-01-17
1854,13,70.56,2026-01-17
1855,9,242.45,2026-01-17
1856,5,110.69,2026-01-17
1857,1,157.55,2026-01-17
1858,4,334.62,2026-01-17
1859,9,315.17,2026-01-17
1860,5,215.22,2026-01-17
1861,4,260.68,2026-01-17
1862,20,67.69,2026-01-17
1863,4,394.53,2026-01-17
1864,16,107.34,2026-01-17
1865,7,391.2,2026-01-17
1866,17,486.83,2026-01-17
1867,12,354.68,2026-01-17
1868,10,88.58,2026-01-17
1869,18,253.21,2026-01-17
1870,7,347.22,2026-01-17
1871,16,172.0,2026-01-17
1872,1,16.25,2026-01-17
1873,3,454.37,2026-01-17
1874,19,337.82,2026-01-17
1875,5,475.23,2026-01-17
1876,17,46.77,2026-01-17
1877,4,453.34,2026-01-17
1878,8,233.81,2026-01-17
1879,10,139.42,2026-01-17
1880,2,58.91,2026-01-17
1881,6,438.33,2026-01-17
1882,10,186.51,2026-01-17
1883,11,218.74,2026-01-17
1884,4,56.55,2026-01-17
1885,2,14.74,2026-01-17
1886,5,335.04,2026-01-17
1887,6,171.04,2026-01-17
1888,15,477.99,2026-01-17
1889,9,440.45,2026-01-17
1890,3,192.58,2026-01-17
1891,11,99.61,2026-01-17
1892,13,206.12,2026-01-17
1893,15,143.2,2026-01-17
1894,13,348.05,2026-01-17
1895,16,401.95,2026-01-17
1896,6,65.4,2026-01-17
1897,2,490.97,2026-01-17
1898,6,60.82,2026-01-17
1899,19,246.51,2026-01-17
1900,19,342.41,2026-01-17
1901,6,309.55,2026-01-17
1902,12,309.57,2026-01-17
1903,5,246.71,2026-01-17
1904,16,65.34,2026-01-17
1905,14,225.94,2026-01-17
1906,3,138.19,2026-01-17
1907,11,16.06,2026-01-17
1908,17,386.09,2026-01-17
1909,19,364.65,2026-01-17
1910,8,489.17,2026-01-17
1911,11,264.36,2026-01-17
1912,20,56.67,2026-01-17
1913,8,246.15,2026-01-17
1914,13,82.84,2026-01-17
1915,18,447.11,2026-01-17
1916,20,36.74,2026-01-17
1917,6,257.73,2026-01-17
1918,16,427.42,2026-01-17
1919,6,46.68,2026-01-17
1920,16,167.11,2026-01-17
1921,11,485.37,2026-01-17
1922,2,258.4,2026-01-17
1923,18,325.23,2026-01-17
1924,13,410.38,2026-01-17
1925,3,234.96,2026-01-17
1926,19,229.57,2026-01-17
1927,16,229.06,2026-01-17
1928,4,490.53,2026-01-17
1929,1,60.3,2026-01-17
1930,14,27.56,2026-01-17
1931,18,10.08,2026-01-17
1932,3,397.97,2026-01-17
1933,20,322.39,2026-01-17
1934,17,285.54,2026-01-17
1935,15,475.67,2026-01-17
1936,12,414.4,2026-01-17
1937,8,423.72,2026-01-17
1938,11,284.47,2026-01-17
1939,20,303.98,2026-01-17
1940,12,360.8,2026-01-17
1941,4,57.74,2026-01-17
1942,1,177.26,2026-01-18
1943,10,278.37,2026-01-18
1944,12,354.03,2026-01-18
1945,2,449.47,2026-01-18
1946,16,78.82,2026-01-18
1947,14,62.41,2026-01-18
1948,20,106.0,2026-01-18
1949,4,465.81,2026-01-18
1950,13,115.64,2026-01-18
1951,7,361.23,2026-01-18
1952,4,381.0,2026-01-18
1953,2,464.05,2026-01-18
1954,19,70.38,2026-01-18
1955,15,234.12,2026-01-18
1956,19,478.53,2026-01-18
1957,5,482.29,2026-01-18
1958,1,269.88,2026-01-18
1959,2,281.08,2026-01-18
1960,14,421.02,2026-01-18
1961,16,462.94,2026-01-18
1962,6,348.99,2026-01-18
1963,6,367.94,2026-01-18
1964,5,60.74,2026-01-18
1965,20,307.02,2026-01-18
1966,11,257.01,2026-01-18
1967,13,215.15,2026-01-18
1968,20,458.8,2026-01-18
1969,8,144.06,2026-01-18
1970,11,485.54,2026-01-18
1971,15,404.35,2026-01-18
1972,5,212.25,2026-01-18
1973,17,156.47,2026-01-18
1974,18,431.75,2026-01-18
1975,18,319.97,2026-01-18
1976,7,112.76,2026-01-18
1977,10,346.44,2026-01-18
1978,5,490.85,2026-01-18
1979,6,256.91,2026-01-18
1980,11,358.07,2026-01-18
1981,12,285.52,2026-01-18
1982,19,289.61,2026-01-18
1983,14,340.38,2026-01-18
1984,18,150.1,2026-01-18
1985,14,406.07,2026-01-18
1986,17,62.17,2026-01-18
1987,13,81.21,2026-01-18
1988,2,107.95,2026-01-18
1989,6,491.93,2026-01-18
1990,9,81.75,2026-01-18
1991,2,348.39,2026-01-18
1992,10,109.96,2026-01-18
1993,18,25.83,2026-01-18
1994,15,60.22,2026-01-18
1995,18,433.77,2026-01-18
1996,18,200.55,2026-01-18
1997,17,394.31,2026-01-18
1998,10,349.54,2026-01-18
1999,2,463.98,2026-01-18
2000,13,214.12,2026-01-18
2001,11,483.26,2026-01-18
2002,2,16.35,2026-01-18
2003,9,109.51,2026-01-18
2004,15,416.69,2026-01-18
2005,12,380.0,2026-01-18
2006,18,371.84,2026-01-18
2007,7,390.31,2026-01-18
2008,7,154.15,2026-01-18
2009,6,491.89,2026-01-18
2010,3,101.62,2026-01-18
2011,6,370.19,2026-01-18
2012,4,194.83,2026-01-18
2013,14,146.77,2026-01-18
2014,9,73.73,2026-01-18
2015,19,424.55,2026-01-18
2016,1,171.98,2026-01-18
2017,5,29.57,2026-01-18
2018,11,302.47,2026-01-18
2019,20,423.14,2026-01-18
2020,10,250.37,2026-01-18
2021,19,279.58,2026-01-18
2022,3,394.18,2026-01-18
2023,11,267.44,2026-01-18
2024,6,265.1,2026-01-18
2025,17,88.09,2026-01-18
2026,18,273.15,2026-01-18
2027,3,181.21,2026-01-18
2028,7,335.03,2026-01-18
2029,11,186.79,2026-01-18
2030,7,475.65,2026-01-18
2031,20,269.94,2026-01-18
2032,18,413.61,2026-01-18
2033,1,66.21,2026-01-18
2034,12,228.38,2026-01-18
2035,20,460.12,2026-01-18
2036,8,479.86,2026-01-18
2037,11,196.87,2026-01-18
2038,4,199.08,2026-01-18
2039,18,364.75,2026-01-18
2040,1,456.55,2026-01-18
2041,12,262.01,2026-01-18
2042,17,228.32,2026-01-18
2043,2,155.25,2026-01-18
2044,7,166.95,2026-01-18
2045,3,474.62,2026-01-18
2046,6,486.1,2026-01-18
2047,18,271.27,2026-01-18
2048,3,113.28,2026-01-18
2049,7,433.83,2026-01-18
2050,4,110.73,2026-01-19
2051,14,326.81,2026-01-19
2052,3,375.98,2026-01-19
2053,5,21.64,2026-01-19
2054,11,28.56,2026-01-19
2055,3,36.59,2026-01-19
2056,9,283.46,2026-01-19
2057,19,412.59,2026-01-19
2058,9,209.74,2026-01-19
2059,15,318.81,2026-01-19
2060,14,165.04,2026-01-19
2061,13,339.92,2026-01-19
2062,18,12.89,2026-01-19
2063,20,40.99,2026-01-19
2064,19,32.3,2026-01-19
2065,3,185.27,2026-01-19
2066,17,62.01,2026-01-19
2067,10,307.22,2026-01-19
2068,10,384.98,2026-01-19
2069,15,196.89,2026-01-19
2070,1,242.25,2026-01-19
2071,18,117.73,2026-01-19
2072,13,400.42,2026-01-19
2073,18,154.54,2026-01-19
2074,5,156.05,2026-01-19
2075,12,479.12,2026-01-19
2076,1,281.23,2026-01-19
2077,18,79.27,2026-01-19
2078,2,12.46,2026-01-19
2079,20,203.1,2026-01-19
2080,18,474.02,2026-01-19
2081,10,112.93,2026-01-19
2082,12,113.75,2026-01-19
2083,17,79.8,2026-01-19
2084,6,118.19,2026-01-19
2085,9,105.22,2026-01-19
2086,6,338.78,2026-01-19
2087,19,427.6,2026-01-19
2088,18,236.02,2026-01-19
2089,18,45.84,2026-01-19
2090,3,132.84,2026-01-19
2091,7,365.54,2026-01-19
2092,16,476.25,2026-01-19
2093,12,72.83,2026-01-19
2094,8,59.02,2026-01-19
2095,20,44.21,2026-01-19
2096,7,165.72,2026-01-19
2097,15,170.89,2026-01-19
2098,10,349.79,2026-01-19
2099,5,287.12,2026-01-19
2100,12,405.77,2026-01-19
2101,14,92.63,2026-01-19
2102,11,130.63,2026-01-19
2103,8,358.98,2026-01-19
2104,14,145.57,2026-01-19
2105,12,75.81,2026-01-19
2106,11,440.16,2026-01-19
2107,15,228.23,2026-01-19
2108,10,248.62,2026-01-19
2109,4,96.13,2026-01-19
2110,20,50.17,2026-01-19
2111,9,430.77,2026-01-19
2112,5,446.74,2026-01-19
2113,7,138.98,2026-01-19
2114,3,366.44,2026-01-19
2115,1,426.3,2026-01-19
2116,1,408.19,2026-01-19
2117,19,208.52,2026-01-19
2118,19,114.25,2026-01-19
2119,2,280.28,2026-01-19
2120,18,448.05,2026-01-19
2121,18,241.33,2026-01-19
2122,5,189.25,2026-01-19
2123,8,446.8,2026-01-19
2124,19,369.28,2026-01-19
2125,10,75.6,2026-01-19
2126,17,260.1,2026-01-19
2127,13,188.29,2026-01-19
2128,1,334.71,2026-01-19
2129,20,345.24,2026-01-19
2130,17,78.78,2026-01-19
2131,6,97.78,2026-01-19
2132,19,333.11,2026-01-19
2133,5,370.6,2026-01-19
2134,16,470.2,2026-01-19
2135,2,117.22,2026-01-19
2136,16,123.56,2026-01-19
2137,9,191.02,2026-01-19
2138,2,337.61,2026-01-19
2139,17,454.79,2026-01-19
2140,12,200.17,2026-01-19
2141,15,441.96,2026-01-19
2142,2,490.49,2026-01-19
2143,11,60.58,2026-01-19
2144,17,320.45,2026-01-19
2145,9,419.09,2026-01-19
2146,9,293.53,2026-01-19
2147,19,95.19,2026-01-19
2148,13,189.0,2026-01-19
2149,3,263.16,2026-01-19
2150,13,486.61,2026-01-19
2151,8,263.02,2026-01-19
2152,12,410.45,2026-01-19
2153,12,248.56,2026-01-19
2154,16,444.71,2026-01-19
2155,1,255.9,2026-01-19
2156,5,225.55,2026-01-19
2157,8,47.77,2026-01-19
2158,9,113.64,2026-01-19
2159,6,87.11,2026-01-19
2160,20,361.48,2026-01-19
2161,4,333.94,2026-01-19
2162,14,407.47,2026-01-19
2163,4,245.94,2026-01-19
2164,16,244.72,2026-01-19
2165,19,89.01,2026-01-19
2166,14,21.0,2026-01-19
2167,2,72.66,2026-01-19
2168,19,88.95,2026-01-19
2169,17,29.2,2026-01-19
2170,19,81.96,2026-01-19
2171,6,136.55,2026-01-19
2172,6,263.15,2026-01-19
2173,13,303.69,2026-01-19
2174,19,322.44,2026-01-19
2175,10,474.15,2026-01-19
2176,7,230.11,2026-01-19
2177,16,434.98,2026-01-19
2178,6,117.49,2026-01-19
2179,14,304.41,2026-01-19
2180,19,412.02,2026-01-19
2181,6,315.37,2026-01-19
2182,17,139.62,2026-01-19
2183,11,461.95,2026-01-19
2184,8,195.32,2026-01-20
2185,5,63.2,2026-01-20
2186,7,266.13,2026-01-20
2187,17,345.34,2026-01-20
2188,5,306.7,2026-01-20
2189,6,243.18,2026-01-20
2190,20,303.91,2026-01-20
2191,18,256.63,2026-01-20
2192,4,55.66,2026-01-20
2193,5,451.97,2026-01-20
2194,18,415.49,2026-01-20
2195,14,265.8,2026-01-20
2196,12,438.66,2026-01-20
2197,17,220.19,2026-01-20
2198,16,396.88,2026-01-20
2199,13,181.75,2026-01-20
2200,19,57.88,2026-01-20
2201,5,134.71,2026-01-20
2202,8,455.94,2026-01-20
2203,3,148.8,2026-01-20
2204,18,210.24,2026-01-20
2205,7,12.68,2026-01-20
2206,1,293.21,2026-01-20
2207,4,264.68,2026-01-20
2208,13,330.73,2026-01-20
2209,11,210.33,2026-01-20
2210,4,85.84,2026-01-20
2211,19,134.28,2026-01-20
2212,18,217.55,2026-01-20
2213,12,309.82,2026-01-20
2214,13,379.94,2026-01-20
2215,14,280.53,2026-01-20
2216,18,246.41,2026-01-20
2217,12,283.96,2026-01-20
2218,16,134.35,2026-01-20
2219,10,293.05,2026-01-20
2220,13,370.53,2026-01-20
2221,4,376.43,2026-01-20
2222,15,393.72,2026-01-20
2223,6,59.14,2026-01-20
2224,17,206.27,2026-01-20
2225,11,402.42,2026-01-20
2226,20,351.56,2026-01-20
2227,2,88.76,2026-01-20
2228,1,404.14,2026-01-20
2229,5,241.12,2026-01-20
2230,20,223.33,2026-01-20
2231,3,138.92,2026-01-20
2232,12,49.22,2026-01-20
2233,2,365.0,2026-01-20
2234,13,310.84,2026-01-20
2235,17,150.37,2026-01-20
2236,20,38.16,2026-01-20
2237,6,323.74,2026-01-20
2238,15,15.25,2026-01-20
2239,17,150.14,2026-01-20
2240,2,394.14,2026-01-20
2241,17,262.75,2026-01-20
2242,8,311.44,2026-01-20
2243,2,186.27,2026-01-20
2244,1,488.07,2026-01-20
2245,3,498.44,2026-01-20
2246,13,183.03,2026-01-20
2247,13,208.67,2026-01-20
2248,7,263.69,2026-01-20
2249,3,460.4,2026-01-20
2250,18,149.4,2026-01-20
2251,18,458.35,2026-01-20
2252,12,180.26,2026-01-20
2253,9,120.88,2026-01-20
2254,7,232.83,2026-01-20
2255,13,291.7,2026-01-20
2256,9,95.77,2026-01-20
2257,17,62.17,2026-01-20
2258,3,256.55,2026-01-20
2259,11,474.04,2026-01-20
2260,17,478.79,2026-01-20
2261,18,408.44,2026-01-20
2262,19,132.57,2026-01-20
2263,15,483.37,2026-01-20
2264,19,246.98,2026-01-20
2265,8,381.16,2026-01-20
2266,15,343.98,2026-01-20
2267,19,432.39,2026-01-20
2268,16,66.97,2026-01-20
2269,3,197.51,2026-01-20
2270,8,341.69,2026-01-20
2271,8,402.08,2026-01-20
2272,12,263.09,2026-01-21
2273,1,353.4,2026-01-21
2274,9,131.65,2026-01-21
2275,3,205.48,2026-01-21
2276,11,47.25,2026-01-21
2277,6,243.51,2026-01-21
2278,12,117.1,2026-01-21
2279,19,141.85,2026-01-21
2280,7,254.51,2026-01-21
2281,7,125.08,2026-01-21
2282,8,437.64,2026-01-21
2283,7,122.31,2026-01-21
2284,8,419.8,2026-01-21
2285,12,86.44,2026-01-21
2286,4,68.74,2026-01-21
2287,3,341.15,2026-01-21
2288,16,310.78,2026-01-21
2289,18,479.42,2026-01-21
2290,16,191.89,2026-01-21
2291,11,251.25,2026-01-21
2292,19,435.7,2026-01-21
2293,16,99.61,2026-01-21
2294,17,147.33,2026-01-21
2295,8,377.58,2026-01-21
2296,5,36.53,2026-01-21
2297,14,244.38,2026-01-21
2298,18,25.96,2026-01-21
2299,12,202.92,2026-01-21
2300,6,234.03,2026-01-21
2301,4,352.14,2026-01-21
2302,15,164.67,2026-01-21
2303,1,15.79,2026-01-21
2304,7,195.92,2026-01-21
2305,4,169.46,2026-01-21
2306,20,432.3,2026-01-21
2307,6,278.8,2026-01-21
2308,8,142.01,2026-01-21
2309,20,178.12,2026-01-21
2310,6,254.4,2026-01-21
2311,7,215.36,2026-01-21
2312,12,188.89,2026-01-21
2313,13,147.02,2026-01-21
2314,6,289.99,2026-01-21
2315,19,346.15,2026-01-21
2316,4,363.2,2026-01-21
2317,8,282.12,2026-01-21
2318,13,106.07,2026-01-21
2319,5,241.76,2026-01-21
2320,1,96.54,2026-01-21
2321,16,75.89,2026-01-21
2322,17,271.65,2026-01-21
2323,11,394.81,2026-01-21
2324,10,132.98,2026-01-21
2325,19,33.38,2026-01-21
2326,4,348.37,2026-01-21
2327,2,115.58,2026-01-21
2328,9,243.5,2026-01-21
2329,4,230.43,2026-01-21
2330,11,137.29,2026-01-21
2331,12,284.57,2026-01-21
2332,9,178.63,2026-01-21
2333,14,69.41,2026-01-21
2334,20,107.49,2026-01-21
2335,19,328.43,2026-01-21
2336,18,95.52,2026-01-21
2337,10,184.0,2026-01-21
2338,17,248.87,2026-01-21
2339,15,445.92,2026-01-21
2340,13,310.7,2026-01-21
2341,15,319.54,2026-01-21
2342,5,435.45,2026-01-21
2343,11,216.69,2026-01-21
2344,20,290.1,2026-01-21
2345,3,48.76,2026-01-21
2346,11,121.83,2026-01-21
2347,11,329.98,2026-01-21
2348,9,306.64,2026-01-21
2349,13,142.91,2026-01-21
2350,15,392.68,2026-01-21
2351,12,376.47,2026-01-21
2352,17,483.11,2026-01-21
2353,14,91.99,2026-01-21
2354,1,71.27,2026-01-21
2355,8,334.39,2026-01-21
2356,3,113.18,2026-01-21
2357,13,60.47,2026-01-21
2358,3,469.03,2026-01-21
2359,16,278.73,2026-01-21
2360,1,387.76,2026-01-21
2361,17,384.85,2026-01-21
2362,3,60.92,2026-01-21
2363,20,86.08,2026-01-21
2364,13,161.59,2026-01-21
2365,8,371.42,2026-01-21
2366,15,316.98,2026-01-21
2367,5,268.1,2026-01-21
2368,6,24.0,2026-01-21
2369,12,431.58,2026-01-21
2370,11,433.48,2026-01-21
2371,15,487.74,2026-01-21
2372,18,468.08,2026-01-21
2373,18,227.97,2026-01-21
2374,18,96.75,2026-01-21
2375,20,233.71,2026-01-21
2376,19,223.14,2026-01-21
2377,18,161.73,2026-01-21
2378,12,246.01,2026-01-21
2379,8,404.31,2026-01-21
2380,15,160.86,2026-01-21
2381,14,137.31,2026-01-21
2382,10,15.17,2026-01-21
2383,17,409.54,2026-01-21
2384,5,178.5,2026-01-21
2385,16,272.2,2026-01-21
2386,16,474.01,2026-01-21
2387,16,156.81,2026-01-21
2388,14,401.0,2026-01-21
2389,20,123.3,2026-01-21
2390,1,278.62,2026-01-21
2391,7,211.75,2026-01-21
2392,18,224.18,2026-01-21
2393,8,90.0,2026-01-21
2394,13,415.93,2026-01-21
2395,8,138.86,2026-01-21
2396,14,316.41,2026-01-21
2397,17,384.62,2026-01-21
2398,20,405.71,2026-01-21
2399,9,149.49,2026-01-21
2400,18,406.32,2026-01-21
2401,14,102.12,2026-01-21
2402,3,99.38,2026-01-21
2403,10,64.07,2026-01-21
2404,20,231.86,2026-01-22
2405,20,251.08,2026-01-22
2406,11,19.5,2026-01-22
2407,2,485.16,2026-01-22
2408,1,101.11,2026-01-22
2409,4,148.24,2026-01-22
2410,5,360.45,2026-01-22
2411,1,124.08,2026-01-22
2412,5,17.22,2026-01-22
2413,7,177.54,2026-01-22
2414,10,395.01,2026-01-22
2415,16,499.0,2026-01-22
2416,15,351.5,2026-01-22
2417,2,171.82,2026-01-22
2418,5,37.46,2026-01-22
2419,13,44.98,2026-01-22
2420,16,98.99,2026-01-22
2421,9,410.45,2026-01-22
2422,1,69.76,2026-01-22
2423,8,198.55,2026-01-22
2424,15,131.11,2026-01-22
2425,2,107.6,2026-01-22
2426,4,265.36,2026-01-22
2427,7,241.68,2026-01-22
2428,10,468.75,2026-01-22
2429,6,318.29,2026-01-22
2430,2,374.92,2026-01-22
2431,18,265.25,2026-01-22
2432,9,245.8,2026-01-22
2433,10,107.37,2026-01-22
2434,2,433.19,2026-01-22
2435,7,486.9,2026-01-22
2436,8,320.13,2026-01-22
2437,11,17.38,2026-01-22
2438,9,296.5,2026-01-22
2439,13,396.68,2026-01-22
2440,1,484.73,2026-01-22
2441,19,393.9,2026-01-22
2442,16,347.32,2026-01-22
2443,5,191.99,2026-01-22
2444,3,131.87,2026-01-22
2445,16,54.79,2026-01-22
2446,20,175.83,2026-01-22
2447,2,39.29,2026-01-22
2448,5,353.65,2026-01-22
2449,4,71.66,2026-01-22
2450,8,165.2,2026-01-22
2451,18,396.4,2026-01-22
2452,12,404.71,2026-01-22
2453,15,369.26,2026-01-22
2454,1,347.73,2026-01-22
2455,12,364.96,2026-01-22
2456,9,450.34,2026-01-22
2457,16,356.25,2026-01-22
2458,18,154.41,2026-01-22
2459,16,102.99,2026-01-22
2460,6,276.37,2026-01-22
2461,11,368.88,2026-01-22
2462,9,435.15,2026-01-22
2463,20,458.09,2026-01-22
2464,18,88.57,2026-01-22
2465,17,85.96,2026-01-22
2466,10,411.52,2026-01-22
2467,18,189.89,2026-01-22
2468,1,390.2,2026-01-22
2469,17,195.73,2026-01-22
2470,6,442.64,2026-01-22
2471,20,429.85,2026-01-22
2472,20,127.01,2026-01-22
2473,3,332.56,2026-01-22
2474,18,411.33,2026-01-22
2475,7,266.79,2026-01-22
2476,16,385.21,2026-01-22
2477,5,310.39,2026-01-22
2478,11,210.8,2026-01-22
2479,11,64.13,2026-01-22
2480,17,332.86,2026-01-22
2481,2,419.24,2026-01-22
2482,5,97.53,2026-01-22
2483,2,109.02,2026-01-22
2484,16,103.89,2026-01-22
2485,2,289.8,2026-01-22
2486,13,332.38,2026-01-22
2487,17,315.75,2026-01-22
2488,19,135.41,2026-01-22
2489,12,118.15,2026-01-22
2490,3,16.41,2026-01-22
2491,7,331.32,2026-01-22
2492,3,239.35,2026-01-22
2493,2,186.85,2026-01-22
2494,14,412.79,2026-01-22
2495,2,413.59,2026-01-22
2496,9,269.22,2026-01-22
2497,3,418.88,2026-01-22
2498,3,472.86,2026-01-22
2499,17,57.59,2026-01-22
2500,8,270.51,2026-01-22
2501,7,104.63,2026-01-22
2502,8,289.31,2026-01-22
2503,6,283.63,2026-01-22
2504,18,213.44,2026-01-22
2505,4,385.48,2026-01-22
2506,19,185.4,2026-01-22
2507,15,354.25,2026-01-22
2508,14,442.58,2026-01-22
2509,6,398.31,2026-01-22
2510,18,206.76,2026-01-22
2511,11,332.19,2026-01-22
2512,18,499.23,2026-01-22
2513,15,467.42,2026-01-22
2514,11,279.54,2026-01-22
2515,11,423.98,2026-01-22
2516,14,384.45,2026-01-22
2517,14,414.82,2026-01-22
2518,11,308.12,2026-01-22
2519,19,277.36,2026-01-22
2520,13,385.2,2026-01-22
2521,9,186.4,2026-01-22
2522,15,229.27,2026-01-22
2523,13,10.1,2026-01-22
2524,2,491.65,2026-01-22
2525,20,17.99,2026-01-22
2526,5,496.77,2026-01-22
2527,10,13.22,2026-01-22
2528,8,115.26,2026-01-22
2529,11,20.63,2026-01-22
2530,9,460.36,2026-01-22
2531,17,282.6,2026-01-22
2532,19,85.81,2026-01-22
2533,2,235.58,2026-01-22
2534,5,77.82,2026-01-22
2535,12,445.92,2026-01-22
2536,8,124.17,2026-01-22
2537,10,55.03,2026-01-22
2538,13,288.84,2026-01-22
2539,7,369.79,2026-01-22
2540,11,398.52,2026-01-22
2541,6,249.26,2026-01-22
2542,20,324.7,2026-01-23
2543,2,368.09,2026-01-23
2544,19,196.96,2026-01-23
2545,2,461.72,2026-01-23
2546,11,180.49,2026-01-23
2547,14,214.1,2026-01-23
2548,4,436.2,2026-01-23
2549,8,376.36,2026-01-23
2550,20,465.04,2026-01-23
2551,13,36.52,2026-01-23
2552,17,30.18,2026-01-23
2553,18,286.81,2026-01-23
2554,11,256.18,2026-01-23
2555,8,85.07,2026-01-23
2556,13,485.81,2026-01-23
2557,20,291.87,2026-01-23
2558,3,118.82,2026-01-23
2559,10,395.32,2026-01-23
2560,5,74.77,2026-01-23
2561,3,243.17,2026-01-23
2562,2,278.59,2026-01-23
2563,9,51.69,2026-01-23
2564,17,222.9,2026-01-23
2565,5,383.4,2026-01-23
2566,16,284.06,2026-01-23
2567,16,203.71,2026-01-23
2568,19,106.09,2026-01-23
2569,20,498.57,2026-01-23
2570,17,130.66,2026-01-23
2571,3,140.47,2026-01-23
2572,14,168.47,2026-01-23
2573,19,53.9,2026-01-23
2574,14,217.53,2026-01-23
2575,12,103.34,2026-01-23
2576,12,301.0,2026-01-23
2577,1,387.14,2026-01-23
2578,6,493.95,2026-01-23
2579,20,412.58,2026-01-23
2580,15,315.36,2026-01-23
2581,15,31.99,2026-01-23
2582,8,107.85,2026-01-23
2583,12,86.44,2026-01-23
2584,3,65.06,2026-01-23
2585,2,129.09,2026-01-23
2586,20,464.1,2026-01-23
2587,10,16.73,2026-01-23
2588,4,159.51,2026-01-23
2589,16,21.15,2026-01-23
2590,7,372.61,2026-01-23
2591,7,109.86,2026-01-23
2592,17,377.67,2026-01-23
2593,18,246.68,2026-01-23
2594,5,350.58,2026-01-23
2595,1,194.54,2026-01-23
2596,17,31.31,2026-01-23
2597,6,39.45,2026-01-23
2598,7,396.7,2026-01-23
2599,20,142.93,2026-01-23
2600,15,330.83,2026-01-23
2601,1,42.63,2026-01-23
2602,9,334.86,2026-01-23
2603,12,433.5,2026-01-23
2604,1,153.32,2026-01-23
2605,13,123.27,2026-01-23
2606,13,259.18,2026-01-23
2607,4,452.9,2026-01-23
2608,16,434.72,2026-01-23
2609,18,53.13,2026-01-23
2610,7,255.32,2026-01-23
2611,15,284.74,2026-01-23
2612,1,29.48,2026-01-23
2613,17,159.41,2026-01-23
2614,16,202.77,2026-01-23
2615,6,19.0,2026-01-23
2616,12,184.14,2026-01-23
2617,10,125.74,2026-01-23
2618,17,145.18,2026-01-23
2619,2,316.64,2026-01-23
2620,13,446.3,2026-01-23
2621,1,472.63,2026-01-23
2622,9,120.54,2026-01-23
2623,11,449.62,2026-01-23
2624,5,53.02,2026-01-23
2625,13,265.15,2026-01-23
2626,20,437.62,2026-01-23
2627,8,214.49,2026-01-23
2628,19,84.85,2026-01-23
2629,10,455.77,2026-01-23
2630,11,230.09,2026-01-23
2631,5,111.31,2026-01-23
2632,5,294.71,2026-01-23
2633,7,432.67,2026-01-23
2634,17,455.69,2026-01-24
2635,14,497.89,2026-01-24
2636,5,331.55,2026-01-24
2637,19,459.38,2026-01-24
2638,11,43.23,2026-01-24
2639,18,474.81,2026-01-24
2640,4,100.23,2026-01-24
2641,5,366.27,2026-01-24
2642,11,441.26,2026-01-24
2643,14,480.99,2026-01-24
2644,10,227.07,2026-01-24
2645,9,84.46,2026-01-24
2646,7,62.32,2026-01-24
2647,6,22.84,2026-01-24
2648,20,312.3,2026-01-24
2649,20,287.85,2026-01-24
2650,8,302.22,2026-01-24
2651,8,346.82,2026-01-24
2652,12,48.94,2026-01-24
2653,16,75.7,2026-01-24
2654,20,239.69,2026-01-24
2655,12,100.15,2026-01-24
2656,13,250.81,2026-01-24
2657,5,90.26,2026-01-24
2658,8,25.79,2026-01-24
2659,1,463.46,2026-01-24
2660,14,119.05,2026-01-24
2661,7,381.31,2026-01-24
2662,3,96.77,2026-01-24
2663,15,434.89,2026-01-24
2664,16,347.05,2026-01-24
2665,15,444.92,2026-01-24
2666,14,208.38,2026-01-24
2667,2,307.89,2026-01-24
2668,13,362.9,2026-01-24
2669,13,309.64,2026-01-24
2670,19,300.96,2026-01-24
2671,17,324.28,2026-01-24
2672,2,265.12,2026-01-24
2673,15,233.88,2026-01-24
2674,2,440.11,2026-01-24
2675,8,264.16,2026-01-24
2676,13,492.08,2026-01-24
2677,2,283.27,2026-01-24
2678,17,384.93,2026-01-24
2679,2,103.03,2026-01-24
2680,15,205.04,2026-01-24
2681,10,389.1,2026-01-24
2682,10,236.06,2026-01-24
2683,14,154.27,2026-01-24
2684,2,348.08,2026-01-24
2685,5,237.15,2026-01-24
2686,15,54.32,2026-01-24
2687,17,65.45,2026-01-24
2688,19,469.54,2026-01-24
2689,18,76.3,2026-01-24
2690,14,168.5,2026-01-24
2691,1,97.65,2026-01-24
2692,19,449.34,2026-01-24
2693,7,442.45,2026-01-24
2694,3,132.54,2026-01-24
2695,6,362.0,2026-01-24
2696,4,54.68,2026-01-24
2697,15,320.7,2026-01-24
2698,3,266.67,2026-01-24
2699,13,366.17,2026-01-24
2700,17,309.92,2026-01-24
2701,6,195.55,2026-01-24
2702,13,31.51,2026-01-24
2703,6,457.0,2026-01-24
2704,19,436.94,2026-01-24
2705,5,89.44,2026-01-24
2706,5,97.64,2026-01-24
2707,2,215.6,2026-01-24
2708,10,367.78,2026-01-24
2709,15,151.5,2026-01-24
2710,6,67.6,2026-01-24
2711,5,480.61,2026-01-24
2712,1,315.05,2026-01-24
2713,9,15.98,2026-01-24
2714,16,429.15,2026-01-24
2715,18,405.65,2026-01-24
2716,20,442.52,2026-01-24
2717,8,116.27,2026-01-24
2718,16,232.33,2026-01-24
2719,15,48.91,2026-01-24
2720,20,13.22,2026-01-24
2721,18,146.28,2026-01-24
2722,18,411.86,2026-01-24
2723,7,33.97,2026-01-24
2724,5,36.98,2026-01-24
2725,12,27.99,2026-01-24
2726,2,336.83,2026-01-24
2727,20,156.24,2026-01-24
2728,3,34.03,2026-01-24
2729,14,496.93,2026-01-24
2730,6,339.32,2026-01-24
2731,20,333.85,2026-01-24
2732,20,290.42,2026-01-24
2733,18,96.94,2026-01-24
2734,15,377.17,2026-01-24
2735,12,466.43,2026-01-24
2736,3,386.57,2026-01-24
2737,11,190.6,2026-01-24
2738,13,411.93,2026-01-24
2739,14,423.22,2026-01-24
2740,3,153.49,2026-01-24
2741,5,69.79,2026-01-24
2742,9,171.31,2026-01-24
2743,14,267.08,2026-01-24
2744,7,309.91,2026-01-24
2745,4,289.97,2026-01-24
2746,17,493.72,2026-01-24
2747,16,364.8,2026-01-24
2748,20,467.61,2026-01-24
2749,10,219.26,2026-01-24
2750,11,137.23,2026-01-24
2751,19,497.56,2026-01-24
2752,12,464.28,2026-01-24
2753,17,367.3,2026-01-25
2754,16,251.33,2026-01-25
2755,6,443.0,2026-01-25
2756,8,357.21,2026-01-25
2757,7,10.77,2026-01-25
2758,1,237.79,2026-01-25
2759,4,371.36,2026-01-25
2760,7,401.79,2026-01-25
2761,14,212.88,2026-01-25
2762,11,181.33,2026-01-25
2763,7,15.54,2026-01-25
2764,7,348.11,2026-01-25
2765,9,397.2,2026-01-25
2766,10,157.14,2026-01-25
2767,18,168.72,2026-01-25
2768,1,65.78,2026-01-25
2769,11,177.27,2026-01-25
2770,19,311.84,2026-01-25
2771,1,417.7,2026-01-25
2772,7,171.95,2026-01-25
2773,11,461.92,2026-01-25
2774,16,458.92,2026-01-25
2775,2,326.37,2026-01-25
2776,16,86.14,2026-01-25
2777,15,447.11,2026-01-25
2778,18,449.01,2026-01-25
2779,15,394.15,2026-01-25
2780,14,464.62,2026-01-25
2781,2,419.2,2026-01-25
2782,10,286.82,2026-01-25
2783,11,282.04,2026-01-25
2784,1,112.05,2026-01-25
2785,11,401.77,2026-01-25
2786,12,42.44,2026-01-25
2787,5,147.43,2026-01-25
2788,1,176.18,2026-01-25
2789,13,316.99,2026-01-25
2790,6,289.78,2026-01-25
2791,13,101.82,2026-01-25
2792,4,433.65,2026-01-25
2793,10,355.58,2026-01-25
2794,11,357.82,2026-01-25
2795,9,212.8,2026-01-25
2796,16,439.75,2026-01-25
2797,12,231.43,2026-01-25
2798,10,115.91,2026-01-25
2799,10,95.76,2026-01-25
2800,12,394.62,2026-01-25
2801,7,457.54,2026-01-25
2802,15,257.94,2026-01-25
2803,16,453.43,2026-01-25
2804,5,103.2,2026-01-25
2805,16,368.9,2026-01-25
2806,17,162.08,2026-01-25
2807,11,80.21,2026-01-25
2808,4,412.85,2026-01-25
2809,17,341.59,2026-01-25
2810,5,110.54,2026-01-25
2811,2,235.09,2026-01-25
2812,17,66.76,2026-01-25
2813,10,466.85,2026-01-25
2814,20,437.22,2026-01-25
2815,11,238.77,2026-01-25
2816,2,60.52,2026-01-25
2817,10,21.02,2026-01-25
2818,10,323.04,2026-01-25
2819,7,167.23,2026-01-25
2820,7,150.42,2026-01-25
2821,18,166.38,2026-01-25
2822,15,338.85,2026-01-25
2823,9,83.17,2026-01-25
2824,9,66.09,2026-01-25
2825,20,284.22,2026-01-25
2826,4,111.22,2026-01-25
2827,12,279.19,2026-01-25
2828,9,79.36,2026-01-25
2829,10,291.3,2026-01-25
2830,6,44.91,2026-01-25
2831,20,447.2,2026-01-25
2832,18,227.39,2026-01-25
2833,5,24.21,2026-01-25
2834,2,61.9,2026-01-25
2835,2,52.2,2026-01-25
2836,13,97.7,2026-01-25
2837,20,446.73,2026-01-25
2838,15,311.99,2026-01-25
2839,10,172.84,2026-01-25
2840,7,359.32,2026-01-25
2841,18,48.49,2026-01-25
2842,15,288.22,2026-01-25
2843,3,408.3,2026-01-25
2844,15,57.66,2026-01-25
2845,10,345.39,2026-01-25
2846,15,240.57,2026-01-25
2847,8,80.42,2026-01-25
2848,20,136.45,2026-01-25
2849,12,202.12,2026-01-25
2850,11,396.5,2026-01-25
2851,11,232.11,2026-01-25
2852,1,42.03,2026-01-25
2853,4,182.21,2026-01-25
2854,15,424.43,2026-01-25
2855,10,386.29,2026-01-25
2856,20,291.59,2026-01-25
2857,17,60.44,2026-01-25
2858,4,169.68,2026-01-25
2859,3,398.29,2026-01-25
2860,18,235.88,2026-01-25
2861,19,212.59,2026-01-25
2862,20,129.41,2026-01-25
2863,6,487.21,2026-01-25
2864,13,42.37,2026-01-25
2865,7,408.82,2026-01-25
2866,19,221.26,2026-01-25
2867,14,287.93,2026-01-25
2868,11,276.82,2026-01-25
2869,8,94.81,2026-01-25
2870,3,372.29,2026-01-25
2871,19,420.01,2026-01-25
2872,4,300.16,2026-01-25
2873,15,169.44,2026-01-25
2874,4,412.79,2026-01-25
2875,6,160.94,2026-01-25
2876,13,44.11,2026-01-25
2877,4,345.9,2026-01-25
2878,20,387.96,2026-01-25
2879,13,170.43,2026-01-25
2880,2,54.36,2026-01-25
2881,5,444.76,2026-01-25
2882,1,380.97,2026-01-25
2883,5,231.96,2026-01-25
2884,10,201.09,2026-01-25
2885,19,229.11,2026-01-25
2886,7,343.94,2026-01-25
2887,11,156.87,2026-01-25
2888,10,460.07,2026-01-25
2889,14,361.72,2026-01-25
2890,12,495.24,2026-01-25
2891,19,13.98,2026-01-25
2892,17,208.06,2026-01-25
2893,5,427.73,2026-01-25
2894,2,190.92,2026-01-25
2895,18,484.27,2026-01-25
2896,18,412.17,2026-01-26
2897,12,63.75,2026-01-26
2898,10,434.18,2026-01-26
2899,8,221.54,2026-01-26
2900,19,203.19,2026-01-26
2901,11,358.77,2026-01-26
2902,13,196.97,2026-01-26
2903,18,113.5,2026-01-26
2904,6,242.69,2026-01-26
2905,7,282.16,2026-01-26
2906,12,421.58,2026-01-26
2907,5,151.35,2026-01-26
2908,5,75.8,2026-01-26
2909,3,327.71,2026-01-26
2910,5,363.46,2026-01-26
2911,16,332.38,2026-01-26
2912,5,51.49,2026-01-26
2913,14,431.47,2026-01-26
2914,20,465.85,2026-01-26
2915,20,98.1,2026-01-26
2916,17,217.82,2026-01-26
2917,15,198.51,2026-01-26
2918,8,101.04,2026-01-26
2919,20,13.64,2026-01-26
2920,16,424.93,2026-01-26
2921,8,358.94,2026-01-26
2922,9,211.31,2026-01-26
2923,18,292.41,2026-01-26
2924,2,489.33,2026-01-26
2925,19,246.8,2026-01-26
2926,12,65.45,2026-01-26
2927,16,481.25,2026-01-26
2928,3,79.62,2026-01-26
2929,17,491.95,2026-01-26
2930,9,237.82,2026-01-26
2931,3,266.44,2026-01-26
2932,20,53.34,2026-01-26
2933,16,319.02,2026-01-26
2934,3,345.2,2026-01-26
2935,18,401.07,2026-01-26
2936,10,310.39,2026-01-26
2937,11,272.17,2026-01-26
2938,1,239.75,2026-01-26
2939,17,453.97,2026-01-26
2940,19,369.57,2026-01-26
2941,14,182.93,2026-01-26
2942,10,151.71,2026-01-26
2943,2,350.58,2026-01-26
2944,20,377.22,2026-01-26
2945,19,137.62,2026-01-26
2946,16,293.29,2026-01-26
2947,19,35.29,2026-01-26
2948,10,406.36,2026-01-26
2949,20,23.38,2026-01-26
2950,16,50.43,2026-01-26
2951,17,47.66,2026-01-26
2952,9,133.5,2026-01-26
2953,20,147.68,2026-01-26
2954,9,16.96,2026-01-26
2955,4,305.87,2026-01-26
2956,19,372.09,2026-01-26
2957,15,191.19,2026-01-26
2958,6,138.01,2026-01-26
2959,8,247.61,2026-01-26
2960,17,432.39,2026-01-26
2961,11,492.2,2026-01-26
2962,5,301.82,2026-01-26
2963,5,420.43,2026-01-26
2964,14,387.48,2026-01-26
2965,8,333.73,2026-01-26
2966,6,113.32,2026-01-26
2967,12,36.62,2026-01-26
2968,9,380.19,2026-01-26
2969,4,35.74,2026-01-26
2970,15,205.38,2026-01-26
2971,10,243.37,2026-01-26
2972,18,124.49,2026-01-26
2973,13,242.55,2026-01-26
2974,5,269.92,2026-01-26
2975,14,15.81,2026-01-26
2976,13,342.46,2026-01-27
2977,17,344.61,2026-01-27
2978,2,57.71,2026-01-27
2979,18,322.34,2026-01-27
2980,14,309.14,2026-01-27
2981,9,174.13,2026-01-27
2982,9,403.14,2026-01-27
2983,9,330.63,2026-01-27
2984,13,235.94,2026-01-27
2985,8,369.81,2026-01-27
2986,19,387.54,2026-01-27
2987,17,175.33,2026-01-27
2988,6,163.5,2026-01-27
2989,1,339.67,2026-01-27
2990,3,15.86,2026-01-27
2991,4,267.38,2026-01-27
2992,15,182.24,2026-01-27
2993,10,133.43,2026-01-27
2994,2,21.61,2026-01-27
2995,3,37.87,2026-01-27
2996,20,331.74,2026-01-27
2997,7,475.74,2026-01-27
2998,4,356.96,2026-01-27
2999,4,52.33,2026-01-27
3000,20,73.65,2026-01-27
3001,19,403.57,2026-01-27
3002,6,449.04,2026-01-27
3003,6,134.13,2026-01-27
3004,15,333.63,2026-01-27
3005,3,323.0,2026-01-27
3006,9,386.99,2026-01-27
3007,11,136.09,2026-01-27
3008,3,145.87,2026-01-27
3009,2,197.57,2026-01-27
3010,11,498.02,2026-01-27
3011,9,478.25,2026-01-27
3012,9,97.19,2026-01-27
3013,3,250.94,2026-01-27
3014,7,309.05,2026-01-27
3015,6,326.29,2026-01-27
3016,4,80.5,2026-01-27
3017,14,117.01,2026-01-27
3018,4,457.18,2026-01-27
3019,9,60.61,2026-01-27
3020,3,44.5,2026-01-27
3021,9,390.85,2026-01-27
3022,1,449.29,2026-01-27
3023,5,329.9,2026-01-27
3024,1,467.12,2026-01-27
3025,13,140.55,2026-01-27
3026,11,453.26,2026-01-27
3027,19,11.81,2026-01-27
3028,16,244.29,2026-01-27
3029,13,423.58,2026-01-27
3030,3,274.66,2026-01-27
3031,1,198.37,2026-01-27
3032,16,69.39,2026-01-27
3033,18,468.17,2026-01-27
3034,12,173.39,2026-01-27
3035,10,206.3,2026-01-27
3036,3,189.02,2026-01-27
3037,11,49.42,2026-01-27
3038,15,382.62,2026-01-27
3039,10,327.42,2026-01-27
3040,6,281.69,2026-01-27
3041,13,333.76,2026-01-27
3042,10,350.98,2026-01-27
3043,4,319.0,2026-01-27
3044,12,248.39,2026-01-27
3045,15,370.31,2026-01-27
3046,5,27.49,2026-01-27
3047,1,362.67,2026-01-27
3048,19,126.86,2026-01-27
3049,13,40.87,2026-01-27
3050,18,325.27,2026-01-27
3051,16,271.63,2026-01-27
3052,15,483.62,2026-01-27
3053,1,28.15,2026-01-27
3054,2,175.48,2026-01-27
3055,2,208.7,2026-01-27
3056,7,405.48,2026-01-27
3057,17,234.6,2026-01-27
3058,18,82.99,2026-01-27
3059,19,124.16,2026-01-27
3060,3,28.07,2026-01-27
3061,5,249.56,2026-01-27
3062,1,240.9,2026-01-27
3063,20,32.44,2026-01-27
3064,5,17.04,2026-01-27
3065,2,453.28,2026-01-27
3066,4,233.53,2026-01-27
3067,6,419.32,2026-01-27
3068,3,410.72,2026-01-27
3069,4,65.95,2026-01-27
3070,20,401.6,2026-01-27
3071,8,40.92,2026-01-27
3072,7,218.84,2026-01-27
3073,13,168.88,2026-01-27
3074,19,277.48,2026-01-27
3075,11,419.85,2026-01-27
3076,7,384.47,2026-01-27
3077,19,94.99,2026-01-27
3078,3,69.17,2026-01-27
3079,5,381.2,2026-01-27
3080,6,351.18,2026-01-27
3081,18,90.85,2026-01-27
3082,8,463.58,2026-01-27
3083,2,75.35,2026-01-27
3084,20,194.3,2026-01-27
3085,6,17.66,2026-01-27
3086,16,49.55,2026-01-27
3087,1,97.91,2026-01-27
3088,3,356.3,2026-01-27
3089,19,444.59,2026-01-27
3090,14,349.82,2026-01-27
3091,16,349.26,2026-01-27
3092,7,80.11,2026-01-27
3093,9,266.31,2026-01-27
3094,14,127.23,2026-01-27
3095,6,309.16,2026-01-27
3096,2,302.17,2026-01-27
3097,16,309.9,2026-01-27
3098,3,317.32,2026-01-27
3099,10,180.45,2026-01-27
3100,1,283.28,2026-01-27
3101,7,67.58,2026-01-27
3102,17,488.63,2026-01-27
3103,20,187.33,2026-01-27
3104,18,258.69,2026-01-27
3105,15,387.46,2026-01-27
3106,7,145.45,2026-01-27
3107,7,65.21,2026-01-27
3108,5,345.77,2026-01-27
3109,16,253.78,2026-01-27
3110,6,338.37,2026-01-27
3111,2,36.47,2026-01-27
3112,12,149.68,2026-01-27
3113,9,173.8,2026-01-28
3114,15,31.23,2026-01-28
3115,2,463.18,2026-01-28
3116,6,87.44,2026-01-28
3117,1,247.68,2026-01-28
3118,4,44.72,2026-01-28
3119,8,363.49,2026-01-28
3120,19,294.08,2026-01-28
3121,14,107.39,2026-01-28
3122,11,122.73,2026-01-28
3123,4,169.8,2026-01-28
3124,4,126.19,2026-01-28
3125,14,436.24,2026-01-28
3126,13,446.77,2026-01-28
3127,3,240.79,2026-01-28
3128,16,36.63,2026-01-28
3129,14,81.02,2026-01-28
3130,20,232.95,2026-01-28
3131,13,193.01,2026-01-28
3132,15,362.71,2026-01-28
3133,12,488.02,2026-01-28
3134,7,174.59,2026-01-28
3135,2,349.18,2026-01-28
3136,2,147.5,2026-01-28
3137,4,427.31,2026-01-28
3138,15,214.93,2026-01-28
3139,11,117.73,2026-01-28
3140,10,305.78,2026-01-28
3141,20,453.73,2026-01-28
3142,19,485.37,2026-01-28
3143,8,52.37,2026-01-28
3144,17,249.71,2026-01-28
3145,7,299.87,2026-01-28
3146,15,146.79,2026-01-28
3147,14,370.73,2026-01-28
3148,8,131.44,2026-01-28
3149,14,293.94,2026-01-28
3150,19,473.66,2026-01-28
3151,19,450.14,2026-01-28
3152,14,490.29,2026-01-28
3153,2,495.72,2026-01-28
3154,17,26.47,2026-01-28
3155,17,203.22,2026-01-28
3156,4,231.7,2026-01-28
3157,8,50.71,2026-01-28
3158,1,349.65,2026-01-28
3159,14,475.47,2026-01-28
3160,5,185.62,2026-01-28
3161,8,327.34,2026-01-28
3162,3,17.81,2026-01-28
3163,10,89.28,2026-01-28
3164,15,430.38,2026-01-28
3165,19,21.96,2026-01-28
3166,15,237.24,2026-01-28
3167,5,438.36,2026-01-28
3168,13,100.62,2026-01-28
3169,12,317.14,2026-01-28
3170,1,431.59,2026-01-28
3171,3,198.59,2026-01-28
3172,11,270.15,2026-01-28
3173,10,218.69,2026-01-28
3174,9,352.05,2026-01-28
3175,20,275.79,2026-01-28
3176,7,395.97,2026-01-28
3177,3,314.02,2026-01-28
3178,11,370.52,2026-01-28
3179,2,262.22,2026-01-28
3180,12,445.11,2026-01-28
3181,4,197.65,2026-01-28
3182,15,313.38,2026-01-28
3183,12,189.55,2026-01-28
3184,18,355.39,2026-01-28
3185,18,357.58,2026-01-28
3186,7,77.82,2026-01-28
3187,11,126.93,2026-01-28
3188,4,328.03,2026-01-28
3189,19,436.85,2026-01-28
3190,7,379.06,2026-01-28
3191,8,167.03,2026-01-28
3192,9,256.75,2026-01-28
3193,14,145.8,2026-01-28
3194,3,192.68,2026-01-28
3195,15,248.25,2026-01-28
3196,17,416.48,2026-01-28
3197,16,357.81,2026-01-28
3198,18,450.73,2026-01-28
3199,15,314.27,2026-01-28
3200,3,102.29,2026-01-28
3201,15,52.78,2026-01-28
3202,13,449.99,2026-01-28
3203,10,479.55,2026-01-28
3204,3,63.59,2026-01-28
3205,9,64.89,2026-01-28
3206,5,253.2,2026-01-28
3207,7,265.14,2026-01-28
3208,1,153.65,2026-01-28
3209,18,466.54,2026-01-28
3210,16,179.88,2026-01-28
3211,15,371.48,2026-01-28
3212,1,152.84,2026-01-28
3213,3,20.8,2026-01-28
3214,8,419.12,2026-01-28
3215,17,325.89,2026-01-28
3216,14,293.57,2026-01-28
3217,11,248.21,2026-01-28
3218,17,422.53,2026-01-28
3219,15,234.42,2026-01-28
3220,19,74.66,2026-01-28
3221,10,94.15,2026-01-28
3222,9,121.12,2026-01-28
3223,12,485.65,2026-01-28
3224,2,82.69,2026-01-28
3225,10,233.4,2026-01-28
3226,6,313.13,2026-01-28
3227,6,358.79,2026-01-28
3228,10,99.32,2026-01-28
3229,6,421.27,2026-01-28
3230,5,89.01,2026-01-28
3231,4,30.16,2026-01-28
3232,11,291.52,2026-01-28
3233,15,137.6,2026-01-28
3234,6,110.53,2026-01-28
3235,2,336.12,2026-01-28
3236,12,82.49,2026-01-28
3237,15,274.53,2026-01-28
3238,6,271.49,2026-01-28
3239,4,461.01,2026-01-28
3240,13,466.22,2026-01-28
3241,5,474.42,2026-01-28
3242,11,86.47,2026-01-28
3243,18,488.04,2026-01-28
3244,11,327.15,2026-01-28
3245,10,242.22,2026-01-28
3246,10,485.11,2026-01-28
3247,19,336.77,2026-01-28
3248,11,347.68,2026-01-29
3249,16,451.09,2026-01-29
3250,5,342.22,2026-01-29
3251,4,160.96,2026-01-29
3252,13,312.59,2026-01-29
3253,8,228.53,2026-01-29
3254,3,169.92,2026-01-29
3255,20,324.24,2026-01-29
3256,19,267.95,2026-01-29
3257,9,105.9,2026-01-29
3258,3,273.82,2026-01-29
3259,15,341.76,2026-01-29
3260,3,488.16,2026-01-29
3261,13,105.28,2026-01-29
3262,11,305.55,2026-01-29
3263,17,472.27,2026-01-29
3264,12,204.8,2026-01-29
3265,14,191.12,2026-01-29
3266,12,15.97,2026-01-29
3267,12,182.16,2026-01-29
3268,15,438.41,2026-01-29
3269,3,115.69,2026-01-29
3270,15,373.35,2026-01-29
3271,14,403.81,2026-01-29
3272,10,90.26,2026-01-29
3273,14,367.02,2026-01-29
3274,14,78.39,2026-01-29
3275,19,302.99,2026-01-29
3276,5,111.81,2026-01-29
3277,16,494.31,2026-01-29
3278,17,493.45,2026-01-29
3279,3,467.24,2026-01-29
3280,19,380.5,2026-01-29
3281,3,13.24,2026-01-29
3282,9,213.11,2026-01-29
3283,18,236.44,2026-01-29
3284,19,380.07,2026-01-29
3285,5,107.64,2026-01-29
3286,13,151.84,2026-01-29
3287,16,30.69,2026-01-29
3288,10,418.95,2026-01-29
3289,10,252.11,2026-01-29
3290,15,120.01,2026-01-29
3291,1,85.47,2026-01-29
3292,10,478.45,2026-01-29
3293,16,70.85,2026-01-29
3294,10,214.41,2026-01-29
3295,16,454.33,2026-01-29
3296,8,23.94,2026-01-29
3297,9,251.59,2026-01-29
3298,3,303.46,2026-01-29
3299,12,294.72,2026-01-29
3300,19,223.67,2026-01-29
3301,9,317.72,2026-01-29
3302,16,487.39,2026-01-29
3303,4,192.87,2026-01-29
3304,19,18.6,2026-01-29
3305,9,89.8,2026-01-29
3306,2,81.61,2026-01-29
3307,15,440.38,2026-01-29
3308,5,185.12,2026-01-29
3309,2,143.61,2026-01-29
3310,14,321.76,2026-01-29
3311,12,33.87,2026-01-29
3312,10,269.51,2026-01-29
3313,3,261.79,2026-01-29
3314,6,384.7,2026-01-29
3315,20,378.79,2026-01-29
3316,18,168.08,2026-01-29
3317,11,415.14,2026-01-29
3318,10,143.01,2026-01-29
3319,12,56.96,2026-01-29
3320,19,182.3,2026-01-29
3321,5,16.32,2026-01-29
3322,17,147.89,2026-01-29
3323,16,211.88,2026-01-29
3324,6,60.18,2026-01-29
3325,5,256.66,2026-01-29
3326,7,399.6,2026-01-29
3327,18,310.58,2026-01-29
3328,17,424.57,2026-01-29
3329,18,354.11,2026-01-29
3330,4,214.5,2026-01-29
3331,3,67.12,2026-01-29
3332,5,462.47,2026-01-29
3333,16,180.62,2026-01-29
3334,12,78.12,2026-01-29
3335,15,445.97,2026-01-29
3336,20,266.33,2026-01-29
3337,11,94.38,2026-01-29
3338,10,24.09,2026-01-29
3339,4,118.96,2026-01-29
3340,5,347.14,2026-01-29
3341,10,71.42,2026-01-29
3342,5,490.74,2026-01-29
3343,14,348.5,2026-01-29
3344,4,48.09,2026-01-29
3345,16,381.09,2026-01-29
3346,2,106.21,2026-01-29
3347,2,398.6,2026-01-29
3348,17,300.66,2026-01-29
3349,16,68.27,2026-01-29
3350,9,31.21,2026-01-29
3351,10,337.12,2026-01-29
3352,4,393.36,2026-01-29
3353,20,110.65,2026-01-29
3354,7,100.54,2026-01-29
3355,12,24.34,2026-01-29
3356,5,424.47,2026-01-29
3357,9,474.91,2026-01-29
3358,12,182.58,2026-01-29
3359,17,392.59,2026-01-29
3360,20,128.49,2026-01-29
3361,19,43.49,2026-01-29
3362,19,383.99,2026-01-29
3363,17,116.33,2026-01-29
3364,7,482.49,2026-01-29
3365,6,451.81,2026-01-29
3366,18,12.12,2026-01-29
3367,4,462.87,2026-01-29
3368,17,427.14,2026-01-29
3369,16,189.57,2026-01-29
3370,19,100.71,2026-01-29
3371,4,98.62,2026-01-29
3372,12,490.84,2026-01-29
3373,14,114.99,2026-01-29
3374,8,209.71,2026-01-29
3375,11,70.57,2026-01-29
3376,4,264.67,2026-01-29
3377,16,383.51,2026-01-29
3378,10,282.99,2026-01-29
3379,2,50.3,2026-01-29
3380,16,66.7,2026-01-29
3381,10,233.9,2026-01-29
3382,10,346.65,2026-01-29
3383,15,120.68,2026-01-29
3384,10,492.63,2026-01-30
3385,14,102.5,2026-01-30
3386,3,448.43,2026-01-30
3387,16,470.15,2026-01-30
3388,12,97.86,2026-01-30
3389,16,339.33,2026-01-30
3390,13,224.65,2026-01-30
3391,3,68.42,2026-01-30
3392,13,206.31,2026-01-30
3393,19,489.01,2026-01-30
3394,6,41.71,2026-01-30
3395,7,175.93,2026-01-30
3396,20,423.57,2026-01-30
3397,13,70.15,2026-01-30
3398,14,365.35,2026-01-30
3399,9,384.76,2026-01-30
3400,19,300.89,2026-01-30
3401,13,184.49,2026-01-30
3402,20,475.57,2026-01-30
3403,16,260.59,2026-01-30
3404,5,386.32,2026-01-30
3405,4,69.87,2026-01-30
3406,16,253.66,2026-01-30
3407,5,24.56,2026-01-30
3408,2,416.85,2026-01-30
3409,16,342.27,2026-01-30
3410,6,197.49,2026-01-30
3411,11,84.84,2026-01-30
3412,20,315.38,2026-01-30
3413,3,333.93,2026-01-30
3414,17,386.11,2026-01-30
3415,15,108.95,2026-01-30
3416,16,250.22,2026-01-30
3417,9,275.79,2026-01-30
3418,18,277.84,2026-01-30
3419,2,495.45,2026-01-30
3420,4,197.98,2026-01-30
3421,11,427.91,2026-01-30
3422,15,235.23,2026-01-30
3423,2,96.67,2026-01-30
3424,10,443.5,2026-01-30
3425,6,250.83,2026-01-30
3426,5,163.11,2026-01-30
3427,13,248.85,2026-01-30
3428,4,288.74,2026-01-30
3429,16,333.44,2026-01-30
3430,18,290.38,2026-01-30
3431,16,285.51,2026-01-30
3432,6,258.28,2026-01-30
3433,13,139.06,2026-01-30
3434,19,485.73,2026-01-30
3435,20,341.48,2026-01-30
3436,10,167.04,2026-01-30
3437,1,299.33,2026-01-30
3438,5,420.1,2026-01-30
3439,12,406.68,2026-01-30
3440,19,23.18,2026-01-30
3441,11,196.48,2026-01-30
3442,14,179.12,2026-01-30
3443,12,211.85,2026-01-30
3444,2,334.01,2026-01-30
3445,8,124.96,2026-01-30
3446,10,300.34,2026-01-30
3447,3,435.78,2026-01-30
3448,4,175.42,2026-01-30
3449,1,273.82,2026-01-30
3450,2,235.85,2026-01-30
3451,14,288.34,2026-01-30
3452,14,140.64,2026-01-30
3453,16,298.11,2026-01-30
3454,11,195.09,2026-01-30
3455,13,167.99,2026-01-30
3456,4,406.08,2026-01-30
3457,4,348.52,2026-01-30
3458,7,174.62,2026-01-30
3459,17,407.61,2026-01-30
3460,11,91.65,2026-01-30
3461,10,188.03,2026-01-30
3462,14,108.86,2026-01-30
3463,3,421.79,2026-01-30
3464,18,114.9,2026-01-30
3465,9,33.29,2026-01-30
3466,19,206.99,2026-01-30
3467,8,316.04,2026-01-30
3468,3,361.68,2026-01-30
3469,19,56.42,2026-01-30
3470,11,143.95,2026-01-30
3471,19,402.58,2026-01-30
3472,16,219.28,2026-01-30
3473,12,399.87,2026-01-30
3474,10,257.27,2026-01-30
3475,10,222.13,2026-01-30
3476,18,163.54,2026-01-30
3477,14,207.13,2026-01-30
3478,20,262.53,2026-01-30
3479,18,98.49,2026-01-30
3480,1,317.64,2026-01-30
3481,17,432.73,2026-01-30
3482,19,254.61,2026-01-30
3483,15,141.29,2026-01-30
3484,18,406.38,2026-01-30
3485,14,467.97,2026-01-30
3486,2,265.91,2026-01-30
3487,12,236.62,2026-01-30
3488,8,83.73,2026-01-30
3489,10,423.62,2026-01-30
3490,14,166.14,2026-01-30
3491,3,320.62,2026-01-30
3492,14,140.8,2026-01-30
3493,10,326.56,2026-01-30
3494,9,346.56,2026-01-30
3495,8,208.87,2026-01-30
3496,4,83.48,2026-01-30
3497,1,130.34,2026-01-30
3498,10,237.44,2026-01-30
3499,18,495.73,2026-01-30
3500,14,326.99,2026-01-30
3501,2,108.98,2026-01-30
3502,9,76.85,2026-01-30
3503,9,396.94,2026-01-30
3504,9,332.75,2026-01-30
3505,6,325.7,2026-01-30
3506,2,482.26,2026-01-30
3507,16,393.29,2026-01-30
3508,2,431.2,2026-01-30
3509,3,163.81,2026-01-30
3510,10,434.91,2026-01-30
3511,14,449.42,2026-01-30
3512,3,204.48,2026-01-30
3513,5,125.66,2026-01-30
3514,19,369.9,2026-01-30
3515,4,265.76,2026-01-30
