event_id,customer_id,event_type,amount,loaded_at
1,101,purchase,25.00,2026-09-01
2,102,purchase,40.00,2026-09-01
3,103,refund,10.00,2026-09-01
4,101,purchase,15.00,2026-09-02
5,104,purchase,999.00,2026-09-02
6,102,purchase,22.50,2026-09-02
7,105,purchase,33.00,2026-09-03
8,103,purchase,18.00,2026-09-03
9,101,refund,5.00,2026-09-03
10,106,purchase,45.00,2026-09-03
11,107,purchase,50.00,2026-09-04
12,108,purchase,12.00,2026-09-04
13,101,refund,8.00,2026-09-04
14,109,purchase,29.00,2026-09-04
15,102,purchase,37.50,2026-09-04
